path,bytes,sha256
outputs/controlled-augmentation2-mac-m4-aug05/batch/batch-032/cifar10/runs/cifar10__unit_interval__all_raw__seed-42/status.json,270,4fefd12b573407abbd575b20afa2837a552b22359ae423515e3085a7061ff3be
outputs/controlled-augmentation2-mac-m4-aug05/batch/batch-032/cifar10/runs/cifar10__unit_interval__all_raw__seed-42/manifest.json,18814,f2d069a2323ae692f61890ee0073904ef85cfac46ad373409a1e5f5ddccb75df
outputs/controlled-augmentation2-mac-m4-aug05/batch/batch-032/cifar10/runs/cifar10__unit_interval__all_raw__seed-42/telemetry/environment.json,1782,24ac02a969719a593b8f2bd0f7a34305028a56857715da42a86ba80659e939ed
outputs/controlled-augmentation2-mac-m4-aug05/batch/batch-032/cifar10/runs/cifar10__unit_interval__all_raw__seed-42/checkpoints/epoch_metrics.csv,80466,76ff0cf7f2140b60c8288124931bbb631811bda423a2734fffcf5204a88fb90f
outputs/controlled-augmentation2-mac-m4-aug05/batch/batch-032/cifar10/runs/cifar10__unit_interval__all_raw__seed-42/telemetry/samples.csv,9173219,35f68cafea3225dc2e7973a4d64edfe2fbc140f8abf3189cd29ef0cea779603a
outputs/controlled-augmentation2-mac-m4-aug05/batch/batch-032/cifar10/runs/cifar10__unit_interval__all_raw__seed-42/artifacts/test_metrics.json,3511,c11ee14079d370d8efaed24acb42560d6a2cf4d4f5457c9e2b74c5af8ecd44ed
outputs/controlled-augmentation2-mac-m4-aug05/batch/batch-032/cifar10/runs/cifar10__unit_interval__all_raw__seed-42/logs/training_summary.json,767,bbfe77c2cd4e8afd815b3357eef83f31e2e3b4ef6b8c8870a2eaf0a3b44073cf
outputs/controlled-augmentation2-mac-m4-aug05/batch/batch-032/cifar10/runs/cifar10__unit_interval__all_raw__seed-42/telemetry/summary.json,5255,a5d66a7891a7fe619b2a615c62537eff8bf93428bb6b13a1e9ee2535f6026017
outputs/controlled-augmentation2-mac-m4-aug05/batch/batch-032/cifar100_coarse/runs/cifar100_coarse__unit_interval__all_raw__seed-42/status.json,278,a43290772010c88c61e5595c68b6d6661e348573e5cabe3469ff3133c7c9feb7
outputs/controlled-augmentation2-mac-m4-aug05/batch/batch-032/cifar100_coarse/runs/cifar100_coarse__unit_interval__all_raw__seed-42/manifest.json,27341,91c1159a31fbe5e4ac1f08a40eb66d642b028f0c6d60107294052b02fe75d429
outputs/controlled-augmentation2-mac-m4-aug05/batch/batch-032/cifar100_coarse/runs/cifar100_coarse__unit_interval__all_raw__seed-42/telemetry/environment.json,1782,c33172c3ae0ace20c0ec079f206b0c715d374dd60e258c55a1229cdd96eee410
outputs/controlled-augmentation2-mac-m4-aug05/batch/batch-032/cifar100_coarse/runs/cifar100_coarse__unit_interval__all_raw__seed-42/checkpoints/epoch_metrics.csv,143206,16e3bd1803a3e7d877164ff5108918e98e31c33766b67d58dd7b9a4d8d43b50b
outputs/controlled-augmentation2-mac-m4-aug05/batch/batch-032/cifar100_coarse/runs/cifar100_coarse__unit_interval__all_raw__seed-42/telemetry/samples.csv,9505036,d2845d68a8d41ced7230984d7a8030a9f8a8b5b961bae52109e2017882e4da48
outputs/controlled-augmentation2-mac-m4-aug05/batch/batch-032/cifar100_coarse/runs/cifar100_coarse__unit_interval__all_raw__seed-42/artifacts/test_metrics.json,8912,31fc866888889a4e31d4a59dc33bab8a8abbb355bb8f5e30452c062f745c956e
outputs/controlled-augmentation2-mac-m4-aug05/batch/batch-032/cifar100_coarse/runs/cifar100_coarse__unit_interval__all_raw__seed-42/logs/training_summary.json,784,800e38ccbaab508f24c81327e955ccc43058e08ccf6fb2f4bcc7b957f3788c49
outputs/controlled-augmentation2-mac-m4-aug05/batch/batch-032/cifar100_coarse/runs/cifar100_coarse__unit_interval__all_raw__seed-42/telemetry/summary.json,5250,9aeb49eb4e6f1ec2d15801d78fe45e36b5b8ec3485f39630399a08386996568d
outputs/controlled-augmentation2-mac-m4-aug05/batch/batch-032/emnist_balanced/runs/emnist_balanced__unit_interval__all_raw__seed-42/status.json,278,f2b6b78b54d03d476dd8692e0ffdef72f7cf2b909282314e66c5c1a79b970e67
outputs/controlled-augmentation2-mac-m4-aug05/batch/batch-032/emnist_balanced/runs/emnist_balanced__unit_interval__all_raw__seed-42/manifest.json,59698,4d5c0ac493549bcbf92ca7ec2eadaf04190d86c62e7819091b0922ddaa4de5c3
outputs/controlled-augmentation2-mac-m4-aug05/batch/batch-032/emnist_balanced/runs/emnist_balanced__unit_interval__all_raw__seed-42/telemetry/environment.json,1782,48614817acbbff0fee687e208e1626513bb2554c5d09a539a15626ce45f99cd5
outputs/controlled-augmentation2-mac-m4-aug05/batch/batch-032/emnist_balanced/runs/emnist_balanced__unit_interval__all_raw__seed-42/checkpoints/epoch_metrics.csv,312123,2b450ac6f8ce16dc7f5704df57a42f87c7ca63e57f6d307a0e0516e1b3e763db
outputs/controlled-augmentation2-mac-m4-aug05/batch/batch-032/emnist_balanced/runs/emnist_balanced__unit_interval__all_raw__seed-42/telemetry/samples.csv,21911267,80e8eaf1f12a64e173a7ec6a201931e7f831fac8d42be26f2d61ad622739e9be
outputs/controlled-augmentation2-mac-m4-aug05/batch/batch-032/emnist_balanced/runs/emnist_balanced__unit_interval__all_raw__seed-42/artifacts/test_metrics.json,34014,5846abc7396efdaf6cccabab72b6bece918623e43bd74a104c0428531cc7a454
outputs/controlled-augmentation2-mac-m4-aug05/batch/batch-032/emnist_balanced/runs/emnist_balanced__unit_interval__all_raw__seed-42/logs/training_summary.json,783,a8db397ea22d7460aecac9ac7b644ae99c85d8affc78d41bc399a14388dbe7a5
outputs/controlled-augmentation2-mac-m4-aug05/batch/batch-032/emnist_balanced/runs/emnist_balanced__unit_interval__all_raw__seed-42/telemetry/summary.json,5252,71a557b7de84dbbe444428d95df15e5595357eb485008e0cb323dfd42a44d006
outputs/controlled-augmentation2-mac-m4-aug05/batch/batch-032/fashion_mnist/runs/fashion_mnist__unit_interval__all_raw__seed-42/status.json,276,320941056a8bf76547be18297f522b62225f21af33600caff0f6427a8755ceab
outputs/controlled-augmentation2-mac-m4-aug05/batch/batch-032/fashion_mnist/runs/fashion_mnist__unit_interval__all_raw__seed-42/manifest.json,18890,4d4c977ad13889a95df95f91531345d127bd2fcad450415c64ea6e4f8db25e44
outputs/controlled-augmentation2-mac-m4-aug05/batch/batch-032/fashion_mnist/runs/fashion_mnist__unit_interval__all_raw__seed-42/telemetry/environment.json,1782,3a53b4141225ebeea82e0fa3568e91821e1be2f258738c2f7b4af2fe81fc1599
outputs/controlled-augmentation2-mac-m4-aug05/batch/batch-032/fashion_mnist/runs/fashion_mnist__unit_interval__all_raw__seed-42/checkpoints/epoch_metrics.csv,82237,b40d2093c4bbfed8a68eecdc08564e5934a4d79606ff6616e64819d9a2c2cb28
outputs/controlled-augmentation2-mac-m4-aug05/batch/batch-032/fashion_mnist/runs/fashion_mnist__unit_interval__all_raw__seed-42/telemetry/samples.csv,12389038,869724019605a9b8a2690faa8f6ea36f28621e543917df1a3d8b221426e6fd60
outputs/controlled-augmentation2-mac-m4-aug05/batch/batch-032/fashion_mnist/runs/fashion_mnist__unit_interval__all_raw__seed-42/artifacts/test_metrics.json,3497,0783fb9a0e5e0451df80d2a17d94afcd85466a9c108f374cb539db03625d446f
outputs/controlled-augmentation2-mac-m4-aug05/batch/batch-032/fashion_mnist/runs/fashion_mnist__unit_interval__all_raw__seed-42/logs/training_summary.json,780,9b2c70141acc1f41003589b9cda6e67d8409d7ebe57c959a47ea08b975f18e7b
outputs/controlled-augmentation2-mac-m4-aug05/batch/batch-032/fashion_mnist/runs/fashion_mnist__unit_interval__all_raw__seed-42/telemetry/summary.json,5295,91e96d040997b1bab750d91bed97355df9bf2d97d3539ebf4ef2dc465a528808
outputs/controlled-augmentation2-mac-m4-aug05/batch/batch-032/fer2013/runs/fer2013__unit_interval__all_raw__seed-42/status.json,270,97fc2279be3b8869c389d84de0033a03a495402e0f04644f185005d5eddd7b0b
outputs/controlled-augmentation2-mac-m4-aug05/batch/batch-032/fer2013/runs/fer2013__unit_interval__all_raw__seed-42/manifest.json,17281,51e0a351c1126d3ad0e34ff0df9c4f27a8c75afe70a6c7b14464108d17ceef44
outputs/controlled-augmentation2-mac-m4-aug05/batch/batch-032/fer2013/runs/fer2013__unit_interval__all_raw__seed-42/telemetry/environment.json,1782,0908a0b2e042334785273f14f8ff82365714e8a2cda20b1207278d0663b3a4ae
outputs/controlled-augmentation2-mac-m4-aug05/batch/batch-032/fer2013/runs/fer2013__unit_interval__all_raw__seed-42/checkpoints/epoch_metrics.csv,62189,61ef11915b806718d43a75f5f3d81194bef37b91513d5d026cc90e5546418edf
outputs/controlled-augmentation2-mac-m4-aug05/batch/batch-032/fer2013/runs/fer2013__unit_interval__all_raw__seed-42/telemetry/samples.csv,5129264,0a5af050e8255f3209a980b5315e3883938c4f3b729f19f806271e360abaf112
outputs/controlled-augmentation2-mac-m4-aug05/batch/batch-032/fer2013/runs/fer2013__unit_interval__all_raw__seed-42/artifacts/test_metrics.json,2354,ea308b48c5839584dca1a8ed32a1435c59b329d74ee86602f0ca244d468eaa4d
outputs/controlled-augmentation2-mac-m4-aug05/batch/batch-032/fer2013/runs/fer2013__unit_interval__all_raw__seed-42/logs/training_summary.json,770,612c2ae091e4ade35c3593758b7120dea3f8f3a8c1e8a6e6c1ed120a9c60bb6e
outputs/controlled-augmentation2-mac-m4-aug05/batch/batch-032/fer2013/runs/fer2013__unit_interval__all_raw__seed-42/telemetry/summary.json,5259,db38daf2c209db7284677d02b049f91f195377b6eb632a6108655295ddf27192
outputs/controlled-augmentation2-mac-m4-aug05/batch/batch-032/gtsrb/runs/gtsrb__unit_interval__all_raw__seed-42/status.json,268,cc6d1e5139f7337d03a67759698df5a1b64a28be6f082031051377a3b1c982e0
outputs/controlled-augmentation2-mac-m4-aug05/batch/batch-032/gtsrb/runs/gtsrb__unit_interval__all_raw__seed-42/manifest.json,52151,dceca5297afd18db463435144ad39a125e447a7b8e634df1282938332a83e2c0
outputs/controlled-augmentation2-mac-m4-aug05/batch/batch-032/gtsrb/runs/gtsrb__unit_interval__all_raw__seed-42/telemetry/environment.json,1785,888f062c507e1f2937df085f77d8a45049bc2596d572ceb2e4893c9af5755d93
outputs/controlled-augmentation2-mac-m4-aug05/batch/batch-032/gtsrb/runs/gtsrb__unit_interval__all_raw__seed-42/checkpoints/epoch_metrics.csv,192392,5b3290399645e4e5c20224a30c5853986e705519c627c83a3f77ce9a01ecf714
outputs/controlled-augmentation2-mac-m4-aug05/batch/batch-032/gtsrb/runs/gtsrb__unit_interval__all_raw__seed-42/telemetry/samples.csv,8185962,c02c959d6df5fe2315ecf2137f7505a8fe73cbbc1c8d34ff575733a9a8331d7e
outputs/controlled-augmentation2-mac-m4-aug05/batch/batch-032/gtsrb/runs/gtsrb__unit_interval__all_raw__seed-42/artifacts/test_metrics.json,28156,be4915bf696e680195760f539582f11e491f5a5aaf52ced9017721701d6637c8
outputs/controlled-augmentation2-mac-m4-aug05/batch/batch-032/gtsrb/runs/gtsrb__unit_interval__all_raw__seed-42/logs/training_summary.json,766,3db6bddb0184af02a4034ed282409abebc5d908e6adbb793606f992ad4fdb9fc
outputs/controlled-augmentation2-mac-m4-aug05/batch/batch-032/gtsrb/runs/gtsrb__unit_interval__all_raw__seed-42/telemetry/summary.json,5236,0618be6f527a6c65ca2a5df1970c93f3b1e054cd7fce0a6c8498e0ea287005ed
outputs/controlled-augmentation2-mac-m4-aug05/batch/batch-032/kmnist/runs/kmnist__unit_interval__all_raw__seed-42/status.json,269,103666c8f30481aea4ee8975b3901f4ce35cbdb3dd0ece6bf9634ab5fcf3bd56
outputs/controlled-augmentation2-mac-m4-aug05/batch/batch-032/kmnist/runs/kmnist__unit_interval__all_raw__seed-42/manifest.json,18672,5fd28d3b34c1e76cfec4a8ff93cc3c9811ecda08ec1d8211363208f4b741f0c3
outputs/controlled-augmentation2-mac-m4-aug05/batch/batch-032/kmnist/runs/kmnist__unit_interval__all_raw__seed-42/telemetry/environment.json,1782,6110c9579e5ec2343321acb17baeec9010c8a070334ee8d2dcfd9ef74be0a128
outputs/controlled-augmentation2-mac-m4-aug05/batch/batch-032/kmnist/runs/kmnist__unit_interval__all_raw__seed-42/checkpoints/epoch_metrics.csv,82719,5f96434df6e85635775cd079a069e05feca00167e7a69118a06b367703e24c2f
outputs/controlled-augmentation2-mac-m4-aug05/batch/batch-032/kmnist/runs/kmnist__unit_interval__all_raw__seed-42/telemetry/samples.csv,12577266,449f949b4fa7d03d6ba29070e9d57b4bc778c52db5b8e279bc4b663d0821ae82
outputs/controlled-augmentation2-mac-m4-aug05/batch/batch-032/kmnist/runs/kmnist__unit_interval__all_raw__seed-42/artifacts/test_metrics.json,3498,d2fb7e7aa0e7f02df9438a2cb77e385914ac9eaf3be51127a04d7073fb943416
outputs/controlled-augmentation2-mac-m4-aug05/batch/batch-032/kmnist/runs/kmnist__unit_interval__all_raw__seed-42/logs/training_summary.json,765,1506c6e092eca99e38debfa3f7eb915b719d222a61b47a56a2345b48060361b3
outputs/controlled-augmentation2-mac-m4-aug05/batch/batch-032/kmnist/runs/kmnist__unit_interval__all_raw__seed-42/telemetry/summary.json,5272,6f87af894e3463c15497b1b28d58395ff40dd48a06ffefed324dcf695954edcd
outputs/controlled-augmentation2-mac-m4-aug05/batch/batch-032/mnist/runs/mnist__unit_interval__all_raw__seed-42/status.json,268,19fd8caa441a8a0a29c0a98c14dd1fbe24a2faf5c06e298334e6b7b59b4ea260
outputs/controlled-augmentation2-mac-m4-aug05/batch/batch-032/mnist/runs/mnist__unit_interval__all_raw__seed-42/manifest.json,18781,c17938bfb4a632ad7b2f13fb2b82a128f9c355b114ad431946a317c54bcca1d0
outputs/controlled-augmentation2-mac-m4-aug05/batch/batch-032/mnist/runs/mnist__unit_interval__all_raw__seed-42/telemetry/environment.json,1782,8304b613ccd794108b0ac25298f39a926788c908d17894994b273e075e2aa519
outputs/controlled-augmentation2-mac-m4-aug05/batch/batch-032/mnist/runs/mnist__unit_interval__all_raw__seed-42/checkpoints/epoch_metrics.csv,81431,023eae078b38f04c3e846518c2ae9cc62e98a915673622770bc31fc825a03a26
outputs/controlled-augmentation2-mac-m4-aug05/batch/batch-032/mnist/runs/mnist__unit_interval__all_raw__seed-42/telemetry/samples.csv,10540450,84dcea73a94faad107d4e030341986bf4b30ecaf1013a1af11aa14174b9d906c
outputs/controlled-augmentation2-mac-m4-aug05/batch/batch-032/mnist/runs/mnist__unit_interval__all_raw__seed-42/artifacts/test_metrics.json,3491,92d2385a361884eb45f2922b313284586d0179dc43a54245484846591ad96e49
outputs/controlled-augmentation2-mac-m4-aug05/batch/batch-032/mnist/runs/mnist__unit_interval__all_raw__seed-42/logs/training_summary.json,760,587f4b334039dea2a181a4bb39ffc1123b08ae2af11eba36a82a96bc265e952d
outputs/controlled-augmentation2-mac-m4-aug05/batch/batch-032/mnist/runs/mnist__unit_interval__all_raw__seed-42/telemetry/summary.json,5286,072ef675511927d2e3e40be34fec753b1b8c9b59605182445b30a1672fa11e8a
outputs/controlled-augmentation2-mac-m4-aug05/batch/batch-032/svhn/runs/svhn__unit_interval__all_raw__seed-42/status.json,267,c74b11acad8c8979045aecae43c64d18dd4f133e077e07912c189bb92baa7343
outputs/controlled-augmentation2-mac-m4-aug05/batch/batch-032/svhn/runs/svhn__unit_interval__all_raw__seed-42/manifest.json,18733,b118f3275d3d85fe18eff7cf715448e3d1e69cd69295fbe14ddebb9b51f89d41
outputs/controlled-augmentation2-mac-m4-aug05/batch/batch-032/svhn/runs/svhn__unit_interval__all_raw__seed-42/telemetry/environment.json,1782,1380aff8f52673509d9754a7a8646c04f9d594204d6f77597198778c63df3fd3
outputs/controlled-augmentation2-mac-m4-aug05/batch/batch-032/svhn/runs/svhn__unit_interval__all_raw__seed-42/checkpoints/epoch_metrics.csv,82822,702a213ecd901042180d2bb078d70b8cfe5912155d1546dd0709d94b549761d1
outputs/controlled-augmentation2-mac-m4-aug05/batch/batch-032/svhn/runs/svhn__unit_interval__all_raw__seed-42/telemetry/samples.csv,17804521,503fb6920df583a866140be3895fd71613aa3dd69f5418893dd8e850e1534d60
outputs/controlled-augmentation2-mac-m4-aug05/batch/batch-032/svhn/runs/svhn__unit_interval__all_raw__seed-42/artifacts/test_metrics.json,3509,221bc12f48049613bbf9479b678f7f749ca51a2845d1a4d3c8b37f11f4675800
outputs/controlled-augmentation2-mac-m4-aug05/batch/batch-032/svhn/runs/svhn__unit_interval__all_raw__seed-42/logs/training_summary.json,759,e8e704fa679848ac3aaf49ae8ca086bc043cbf7b24d15d098e470db36d4a441b
outputs/controlled-augmentation2-mac-m4-aug05/batch/batch-032/svhn/runs/svhn__unit_interval__all_raw__seed-42/telemetry/summary.json,5248,0f37b2964fc5298b35a0bb2b00108e23be2d811ce5e6e190ec23e4b2dd2a7d06
outputs/controlled-augmentation2-mac-m4-aug05/batch/batch-064/cifar10/runs/cifar10__unit_interval__all_raw__seed-42/status.json,270,a7c9545f74b5eff2421a20f0f7acbae0c20ca6485fba5979653d57aa4f168cc0
outputs/controlled-augmentation2-mac-m4-aug05/batch/batch-064/cifar10/runs/cifar10__unit_interval__all_raw__seed-42/manifest.json,18816,635fe921312655aba457dd1480c7b79fd5ae6e21921243b20ecfe114d927615d
outputs/controlled-augmentation2-mac-m4-aug05/batch/batch-064/cifar10/runs/cifar10__unit_interval__all_raw__seed-42/telemetry/environment.json,1782,049d2280426f38ce8aafd82c7cefc1fabcf04cb954266b30b2ba222a32e86a52
outputs/controlled-augmentation2-mac-m4-aug05/batch/batch-064/cifar10/runs/cifar10__unit_interval__all_raw__seed-42/checkpoints/epoch_metrics.csv,80140,d3f61a57b8b7a62c9ef0aabb80f2000b76428d1497f20ce5962a8d8e91c6bced
outputs/controlled-augmentation2-mac-m4-aug05/batch/batch-064/cifar10/runs/cifar10__unit_interval__all_raw__seed-42/telemetry/samples.csv,6683920,2355a057eea7f6c3e4b8ae39181939b81e86a4bdf046aef45e5e1d1e80785c15
outputs/controlled-augmentation2-mac-m4-aug05/batch/batch-064/cifar10/runs/cifar10__unit_interval__all_raw__seed-42/artifacts/test_metrics.json,3540,aef7a64b9a591aa2f2bfca7fb216b85c8752fd93bf49f1814a60d8d17b1a6671
outputs/controlled-augmentation2-mac-m4-aug05/batch/batch-064/cifar10/runs/cifar10__unit_interval__all_raw__seed-42/logs/training_summary.json,768,b13c2c70c22014d428dc741400a764ed7f3ccf0846d4b25a075d4ed62206d860
outputs/controlled-augmentation2-mac-m4-aug05/batch/batch-064/cifar10/runs/cifar10__unit_interval__all_raw__seed-42/telemetry/summary.json,5228,59604344627fe6b1837b1f60dd3fe6fb2cbfdc2f3f7568b9912f508443ab13ac
outputs/controlled-augmentation2-mac-m4-aug05/batch/batch-064/cifar100_coarse/runs/cifar100_coarse__unit_interval__all_raw__seed-42/status.json,278,abcb5e80b90db28e3ec37a446818bc655b5798ae4cd3f02aece254d411f8c68d
outputs/controlled-augmentation2-mac-m4-aug05/batch/batch-064/cifar100_coarse/runs/cifar100_coarse__unit_interval__all_raw__seed-42/manifest.json,27322,89b4c7c1378a5577a54c5c94e1a22c79c6fc33d10976e1a15963b8a793139ab2
outputs/controlled-augmentation2-mac-m4-aug05/batch/batch-064/cifar100_coarse/runs/cifar100_coarse__unit_interval__all_raw__seed-42/telemetry/environment.json,1787,4c985160562532c9e835909ae4eba2a1634ed89f7893f895271157bf739c498c
outputs/controlled-augmentation2-mac-m4-aug05/batch/batch-064/cifar100_coarse/runs/cifar100_coarse__unit_interval__all_raw__seed-42/checkpoints/epoch_metrics.csv,143392,5efc01563045bcdbc8900ec9811a2a7c04740a8a6568622cb0265f56de367cdb
outputs/controlled-augmentation2-mac-m4-aug05/batch/batch-064/cifar100_coarse/runs/cifar100_coarse__unit_interval__all_raw__seed-42/telemetry/samples.csv,6697872,97f150cf44bb1dac93540dafdd11006f92390714b59a8663b79203e6c3de85cc
outputs/controlled-augmentation2-mac-m4-aug05/batch/batch-064/cifar100_coarse/runs/cifar100_coarse__unit_interval__all_raw__seed-42/artifacts/test_metrics.json,8856,9ff06e12ecd54607f1d760e7bd667adaa90de01ad8dea9bd04c94b3c1126bc4d
outputs/controlled-augmentation2-mac-m4-aug05/batch/batch-064/cifar100_coarse/runs/cifar100_coarse__unit_interval__all_raw__seed-42/logs/training_summary.json,780,d4a76c79ef09a4174ebb354f94aa6c83564d8573c30e3a4b1e6c067f1ad46a5b
outputs/controlled-augmentation2-mac-m4-aug05/batch/batch-064/cifar100_coarse/runs/cifar100_coarse__unit_interval__all_raw__seed-42/telemetry/summary.json,5292,13816e758e1fc44356425d47f9ef4b7078b757aede3e5e35d566944cdc28f56f
outputs/controlled-augmentation2-mac-m4-aug05/batch/batch-064/emnist_balanced/runs/emnist_balanced__unit_interval__all_raw__seed-42/status.json,278,96683c9224fbd5d5d457248f77eca684dc9ac6dc8f4503f6d4f1b0d412fac050
outputs/controlled-augmentation2-mac-m4-aug05/batch/batch-064/emnist_balanced/runs/emnist_balanced__unit_interval__all_raw__seed-42/manifest.json,59719,d72c8a1921f87ed0df3bf2b6ca8eac4ffaea602fe1c4d5749465fe2111f00df7
outputs/controlled-augmentation2-mac-m4-aug05/batch/batch-064/emnist_balanced/runs/emnist_balanced__unit_interval__all_raw__seed-42/telemetry/environment.json,1782,c01c9b98377c1d90fe3159d7a857d731eccd3b5cfb00952f60a5135c1ba15771
outputs/controlled-augmentation2-mac-m4-aug05/batch/batch-064/emnist_balanced/runs/emnist_balanced__unit_interval__all_raw__seed-42/checkpoints/epoch_metrics.csv,312340,79132172c75a9a8d55a1099b08d7762a809825a0a07d91a1ddaf8890dbcd6b34
outputs/controlled-augmentation2-mac-m4-aug05/batch/batch-064/emnist_balanced/runs/emnist_balanced__unit_interval__all_raw__seed-42/telemetry/samples.csv,13874573,cb9a9d3acc8762973bad10b910c678447336fdf2e16d5d0af0812da9dc78b0a8
outputs/controlled-augmentation2-mac-m4-aug05/batch/batch-064/emnist_balanced/runs/emnist_balanced__unit_interval__all_raw__seed-42/artifacts/test_metrics.json,34012,b1837b7b417b3a676ad84edca522ea2d035aa5572b2d662e35d09a4ebfa66b06
outputs/controlled-augmentation2-mac-m4-aug05/batch/batch-064/emnist_balanced/runs/emnist_balanced__unit_interval__all_raw__seed-42/logs/training_summary.json,779,4967956fd09139f3e3a469db51fbee31cf0c1d143e6d066907e1cde5c61b3c6e
outputs/controlled-augmentation2-mac-m4-aug05/batch/batch-064/emnist_balanced/runs/emnist_balanced__unit_interval__all_raw__seed-42/telemetry/summary.json,5279,cddb2b71785aaa86d247f64285eca8cce53e5cd6837fb94eacea2d1a804e5da5
outputs/controlled-augmentation2-mac-m4-aug05/batch/batch-064/fashion_mnist/runs/fashion_mnist__unit_interval__all_raw__seed-42/status.json,276,b8e15f944871a19646c64ad2661833b13d15ad30ab87ae5ae24511415b8f3352
outputs/controlled-augmentation2-mac-m4-aug05/batch/batch-064/fashion_mnist/runs/fashion_mnist__unit_interval__all_raw__seed-42/manifest.json,18874,15da5a531ff710bd7265166bfbd00cea14e1da64497470121e3ae8220c2699c1
outputs/controlled-augmentation2-mac-m4-aug05/batch/batch-064/fashion_mnist/runs/fashion_mnist__unit_interval__all_raw__seed-42/telemetry/environment.json,1782,69c49976b62a03fa0282e0790dce8feb57f8ce9d286c027e0f4e39ab3565e0c1
outputs/controlled-augmentation2-mac-m4-aug05/batch/batch-064/fashion_mnist/runs/fashion_mnist__unit_interval__all_raw__seed-42/checkpoints/epoch_metrics.csv,81963,74f5a8f044c435dec748820e40c7fe222d568f8ba64da63c8ed1f34d91eadea5
outputs/controlled-augmentation2-mac-m4-aug05/batch/batch-064/fashion_mnist/runs/fashion_mnist__unit_interval__all_raw__seed-42/telemetry/samples.csv,7045026,2ae6ae78faa478f5e18664e0a4c7cc8aa4cdf7e5b4d191de62873673694e1a31
outputs/controlled-augmentation2-mac-m4-aug05/batch/batch-064/fashion_mnist/runs/fashion_mnist__unit_interval__all_raw__seed-42/artifacts/test_metrics.json,3513,1add9bf3f9fa2b69e3b804b089ba4e9b6780839d4b3963497c6ef2d10a8e1277
outputs/controlled-augmentation2-mac-m4-aug05/batch/batch-064/fashion_mnist/runs/fashion_mnist__unit_interval__all_raw__seed-42/logs/training_summary.json,779,a6a4b7f26c3ae37ad35063bceb7d36208bf9a23f9bc5f0a84bfc19e24496ba46
outputs/controlled-augmentation2-mac-m4-aug05/batch/batch-064/fashion_mnist/runs/fashion_mnist__unit_interval__all_raw__seed-42/telemetry/summary.json,5264,f28f9186d0a356c5c7ea2f2264de426c8f2f293574e8606a9c714e37a7bc6718
outputs/controlled-augmentation2-mac-m4-aug05/batch/batch-064/fer2013/runs/fer2013__unit_interval__all_raw__seed-42/status.json,270,6365cfebb760ed38e0a88c746cd724241630e80889787106639454e7635bac00
outputs/controlled-augmentation2-mac-m4-aug05/batch/batch-064/fer2013/runs/fer2013__unit_interval__all_raw__seed-42/manifest.json,17275,fb833d1847f066973c94d84c68000578d167b934a112ca032a4f00b9f25c6052
outputs/controlled-augmentation2-mac-m4-aug05/batch/batch-064/fer2013/runs/fer2013__unit_interval__all_raw__seed-42/telemetry/environment.json,1782,20733ff3ce7c5c2d557fb21e4dac2802dd49fdba22717f4de7a1e2ec35b0b7f7
outputs/controlled-augmentation2-mac-m4-aug05/batch/batch-064/fer2013/runs/fer2013__unit_interval__all_raw__seed-42/checkpoints/epoch_metrics.csv,61977,cd88a6084bd365fa5b3a23e8a15be38cd7911154320bcba84303af1ea67bbbce
outputs/controlled-augmentation2-mac-m4-aug05/batch/batch-064/fer2013/runs/fer2013__unit_interval__all_raw__seed-42/telemetry/samples.csv,3778732,476dbe8200cf208d29767768799886ae99608c21aad3e11192a76c699fc5d5c3
outputs/controlled-augmentation2-mac-m4-aug05/batch/batch-064/fer2013/runs/fer2013__unit_interval__all_raw__seed-42/artifacts/test_metrics.json,2359,16498f9e5186bfc2fc074dee35a9c66d32fb6172638b451fad0ae45b6ecf64ce
outputs/controlled-augmentation2-mac-m4-aug05/batch/batch-064/fer2013/runs/fer2013__unit_interval__all_raw__seed-42/logs/training_summary.json,767,86ad5c2f8a63568484edc53182ffebad2f1e98863f9421ead26efa714aa93007
outputs/controlled-augmentation2-mac-m4-aug05/batch/batch-064/fer2013/runs/fer2013__unit_interval__all_raw__seed-42/telemetry/summary.json,5254,da619999e98bcb33880ebb41d73643c97b15f84f4005e7e023286d890c0d317b
outputs/controlled-augmentation2-mac-m4-aug05/batch/batch-064/gtsrb/runs/gtsrb__unit_interval__all_raw__seed-42/status.json,268,046f199a3000d3df187971a2f8b1679f902c3372831b375511ac7b6b29ea9b48
outputs/controlled-augmentation2-mac-m4-aug05/batch/batch-064/gtsrb/runs/gtsrb__unit_interval__all_raw__seed-42/manifest.json,52042,36eadf6393134f4e2c40d8eba19135d058b7f961d38f37670f1db5a7661744fb
outputs/controlled-augmentation2-mac-m4-aug05/batch/batch-064/gtsrb/runs/gtsrb__unit_interval__all_raw__seed-42/telemetry/environment.json,1782,a87baf4495c64b232ad5fe99aafb05f0775b42f83e6bf1b926d2376648a6d957
outputs/controlled-augmentation2-mac-m4-aug05/batch/batch-064/gtsrb/runs/gtsrb__unit_interval__all_raw__seed-42/checkpoints/epoch_metrics.csv,205569,732b1d6d5ed2d206a6a0bea389482a7247774ebdf87d8b4d32a94b3bba0e7992
outputs/controlled-augmentation2-mac-m4-aug05/batch/batch-064/gtsrb/runs/gtsrb__unit_interval__all_raw__seed-42/telemetry/samples.csv,5430075,4d706f64a94e6c4f0cc34ae662c101d40bc82a1978fff95b5e5d5bb89dba9c4f
outputs/controlled-augmentation2-mac-m4-aug05/batch/batch-064/gtsrb/runs/gtsrb__unit_interval__all_raw__seed-42/artifacts/test_metrics.json,28044,f266fa4e00e52b68e696f709efcceeb2b2c89ae5eaee44aa2b66f58c0bb2cf5e
outputs/controlled-augmentation2-mac-m4-aug05/batch/batch-064/gtsrb/runs/gtsrb__unit_interval__all_raw__seed-42/logs/training_summary.json,764,01f0d88170aaeedb1ddb04afd471f421e6952e18550703e85bc5e7e28ce113b9
outputs/controlled-augmentation2-mac-m4-aug05/batch/batch-064/gtsrb/runs/gtsrb__unit_interval__all_raw__seed-42/telemetry/summary.json,5244,8a5de94b139132eb246a0fa09aee3d53c83897ebc9cc0dc2da913a29bef6d44b
outputs/controlled-augmentation2-mac-m4-aug05/batch/batch-064/kmnist/runs/kmnist__unit_interval__all_raw__seed-42/status.json,269,9eb6302d63aa7bccc3ee8201a23751f1c089746003f79399bb9fec1b792210de
outputs/controlled-augmentation2-mac-m4-aug05/batch/batch-064/kmnist/runs/kmnist__unit_interval__all_raw__seed-42/manifest.json,18649,08ac8b20cd164b51a6f69820151da2884ec0d363ba45186b618ec1d1a1d1a164
outputs/controlled-augmentation2-mac-m4-aug05/batch/batch-064/kmnist/runs/kmnist__unit_interval__all_raw__seed-42/telemetry/environment.json,1782,3a5c94f4ffa09d1fab5ab6cb4af643bf54cc8eec5bb2d1874c5ea84b8da94f67
outputs/controlled-augmentation2-mac-m4-aug05/batch/batch-064/kmnist/runs/kmnist__unit_interval__all_raw__seed-42/checkpoints/epoch_metrics.csv,82645,dcc3db533f64b745fff29010ecce68829bcbf2da8f36582b171707f123a03170
outputs/controlled-augmentation2-mac-m4-aug05/batch/batch-064/kmnist/runs/kmnist__unit_interval__all_raw__seed-42/telemetry/samples.csv,7519150,252e8c6ce62187314dff21c2d88e09871f4a471a668610439e5f180ebe8f2c29
outputs/controlled-augmentation2-mac-m4-aug05/batch/batch-064/kmnist/runs/kmnist__unit_interval__all_raw__seed-42/artifacts/test_metrics.json,3497,6807908606ade15b8dde6e86f56350e0642d91b4ad9e60a993fa745846925c49
outputs/controlled-augmentation2-mac-m4-aug05/batch/batch-064/kmnist/runs/kmnist__unit_interval__all_raw__seed-42/logs/training_summary.json,762,6568974d836c566dd73c514ac8635904e751b54ff12ab9d7f0101c8b539930f1
outputs/controlled-augmentation2-mac-m4-aug05/batch/batch-064/kmnist/runs/kmnist__unit_interval__all_raw__seed-42/telemetry/summary.json,5253,d8a57ac0713e435df1c04b6b00669562dab95a5ac3b440c591ec52dde2319a0b
outputs/controlled-augmentation2-mac-m4-aug05/batch/batch-064/mnist/runs/mnist__unit_interval__all_raw__seed-42/status.json,268,a7dcd51521bae8e2e0a1210cea6e18b5c5ca95304b8ad1747c8c418489d2612a
outputs/controlled-augmentation2-mac-m4-aug05/batch/batch-064/mnist/runs/mnist__unit_interval__all_raw__seed-42/manifest.json,18740,8cff41a00cc6cdabf7a93144ee60670c3fb993e91aeb56be06f6d4b3eed66e8e
outputs/controlled-augmentation2-mac-m4-aug05/batch/batch-064/mnist/runs/mnist__unit_interval__all_raw__seed-42/telemetry/environment.json,1782,47bd4e2df11854a5493d77b649c3ef849e2638771afe2dc6ce11aef4d0110777
outputs/controlled-augmentation2-mac-m4-aug05/batch/batch-064/mnist/runs/mnist__unit_interval__all_raw__seed-42/checkpoints/epoch_metrics.csv,81247,37770ffc0aaa42f69a2c8a17c776785e9eaef7f274675c34a3a8fa3aa8bc9a7a
outputs/controlled-augmentation2-mac-m4-aug05/batch/batch-064/mnist/runs/mnist__unit_interval__all_raw__seed-42/telemetry/samples.csv,6245575,bc9df8f89de0299640ffa6b9dd2202e19b4f3ab4c3481c0634e4f84bd41caf6b
outputs/controlled-augmentation2-mac-m4-aug05/batch/batch-064/mnist/runs/mnist__unit_interval__all_raw__seed-42/artifacts/test_metrics.json,3481,fe6b060564ef663321f28daaaa5cd2837a6c165d9835804e3ec5f04e686518c7
outputs/controlled-augmentation2-mac-m4-aug05/batch/batch-064/mnist/runs/mnist__unit_interval__all_raw__seed-42/logs/training_summary.json,766,08b90f90b7c2fc805d50219e94d97fe9e58f1b4874b4adcdd2bfa85549f45778
outputs/controlled-augmentation2-mac-m4-aug05/batch/batch-064/mnist/runs/mnist__unit_interval__all_raw__seed-42/telemetry/summary.json,5249,2e606703cd8c09ad47e8eec22f30521759f75fa41b48701487d485e40d8886d9
outputs/controlled-augmentation2-mac-m4-aug05/batch/batch-064/svhn/runs/svhn__unit_interval__all_raw__seed-42/status.json,267,d8e35b9d543a4377c7c9eb5efa8be67045561fe02c7383bfcf10c50a2e1f9cba
outputs/controlled-augmentation2-mac-m4-aug05/batch/batch-064/svhn/runs/svhn__unit_interval__all_raw__seed-42/manifest.json,18784,6cea67ca9346c6f478afd08d447c8bae19c1986685a52087a60ecf927de948d0
outputs/controlled-augmentation2-mac-m4-aug05/batch/batch-064/svhn/runs/svhn__unit_interval__all_raw__seed-42/telemetry/environment.json,1782,a53752c13ffc60cdacd9c719cbd2bc453218c9c665db09e12e64e1a648daf03c
outputs/controlled-augmentation2-mac-m4-aug05/batch/batch-064/svhn/runs/svhn__unit_interval__all_raw__seed-42/checkpoints/epoch_metrics.csv,82879,e00d93ff7b8f0500950d6686e394c137b0765d01e1c6b53cb08360ac5c2db59f
outputs/controlled-augmentation2-mac-m4-aug05/batch/batch-064/svhn/runs/svhn__unit_interval__all_raw__seed-42/telemetry/samples.csv,11378377,dfd2f0d887258f0dd6cbff43562ec3cce04cb88f943aca48f1954a9816c69835
outputs/controlled-augmentation2-mac-m4-aug05/batch/batch-064/svhn/runs/svhn__unit_interval__all_raw__seed-42/artifacts/test_metrics.json,3532,4995877eca0d887c92e8e2b2128b19d7e575ce3a64bb60c6c7bd8c12ca7c9611
outputs/controlled-augmentation2-mac-m4-aug05/batch/batch-064/svhn/runs/svhn__unit_interval__all_raw__seed-42/logs/training_summary.json,756,446f532952bf645dcc84fa039ac1546161c94a775a03a545ed0d1d9eb42cd0d4
outputs/controlled-augmentation2-mac-m4-aug05/batch/batch-064/svhn/runs/svhn__unit_interval__all_raw__seed-42/telemetry/summary.json,5279,539c98ee5e1053f122ad8007498d3c82f66ee1213b04b92fe233f2134718cef2
outputs/controlled-augmentation2-mac-m4-aug05/batch/batch-128/cifar10/runs/cifar10__unit_interval__all_raw__seed-42/status.json,270,8ea2fe53e23dad641e5d45dc476c171526bdbb4c52f09cbf6299b2104da800d0
outputs/controlled-augmentation2-mac-m4-aug05/batch/batch-128/cifar10/runs/cifar10__unit_interval__all_raw__seed-42/manifest.json,18843,700131bb4fbf12bef81d428fb51079f62d61cdf3f43c12c0512cd227d4c727b1
outputs/controlled-augmentation2-mac-m4-aug05/batch/batch-128/cifar10/runs/cifar10__unit_interval__all_raw__seed-42/telemetry/environment.json,1782,d4ab9a4ab500aadd76707dbdc49ffcc3acaa24cc915af2f918f75c977e84125f
outputs/controlled-augmentation2-mac-m4-aug05/batch/batch-128/cifar10/runs/cifar10__unit_interval__all_raw__seed-42/checkpoints/epoch_metrics.csv,80408,5a97d9bf0b1a18077d01b1796f0b7263b0f6529101dacd945871007e2227ec9d
outputs/controlled-augmentation2-mac-m4-aug05/batch/batch-128/cifar10/runs/cifar10__unit_interval__all_raw__seed-42/telemetry/samples.csv,4319058,af17735a0720287001dce378428973a5c6431374dcd42ee9a6ba0e8e5e9a977f
outputs/controlled-augmentation2-mac-m4-aug05/batch/batch-128/cifar10/runs/cifar10__unit_interval__all_raw__seed-42/artifacts/test_metrics.json,3539,24c2fb29de062657c859f1677ffd9537e824e4e466b1ee4452a4425ec535a5e8
outputs/controlled-augmentation2-mac-m4-aug05/batch/batch-128/cifar10/runs/cifar10__unit_interval__all_raw__seed-42/logs/training_summary.json,769,58659b67cd6ea8f8b687c0959880ecd2bc748ac1894acecafacb2fd378a93132
outputs/controlled-augmentation2-mac-m4-aug05/batch/batch-128/cifar10/runs/cifar10__unit_interval__all_raw__seed-42/telemetry/summary.json,5255,91f91e82947fbb1429e30d3841a095b68ea43c24c3c30ce53168c300a539a1d9
outputs/controlled-augmentation2-mac-m4-aug05/batch/batch-128/cifar100_coarse/runs/cifar100_coarse__unit_interval__all_raw__seed-42/status.json,278,5986c027b8f5d944cb572e20e657f761e573621dca4a346981ceac592a2eb94b
outputs/controlled-augmentation2-mac-m4-aug05/batch/batch-128/cifar100_coarse/runs/cifar100_coarse__unit_interval__all_raw__seed-42/manifest.json,27355,d690b0f9f6a62657a2500c2b1274ec0aef09357dd9beea5b32afa4ca8a982bb8
outputs/controlled-augmentation2-mac-m4-aug05/batch/batch-128/cifar100_coarse/runs/cifar100_coarse__unit_interval__all_raw__seed-42/telemetry/environment.json,1782,9dd91b479f9b94412b06a7da95ac23e3187af0057cca45d04bb9a1122604ca51
outputs/controlled-augmentation2-mac-m4-aug05/batch/batch-128/cifar100_coarse/runs/cifar100_coarse__unit_interval__all_raw__seed-42/checkpoints/epoch_metrics.csv,144032,f55f45a29f7226bb4fccc60621bd7190ebaf2c6302ee86f41654d234d9fa037a
outputs/controlled-augmentation2-mac-m4-aug05/batch/batch-128/cifar100_coarse/runs/cifar100_coarse__unit_interval__all_raw__seed-42/telemetry/samples.csv,4685192,8fad4a68c4aa1f229d1bed6534c4fd38f200ff546416caf6ae769cd3f734d0c9
outputs/controlled-augmentation2-mac-m4-aug05/batch/batch-128/cifar100_coarse/runs/cifar100_coarse__unit_interval__all_raw__seed-42/artifacts/test_metrics.json,8914,7d6cc6096ce33a8d9a06944b82be599628a801d0b135e5b4ed06f5c23e012fc7
outputs/controlled-augmentation2-mac-m4-aug05/batch/batch-128/cifar100_coarse/runs/cifar100_coarse__unit_interval__all_raw__seed-42/logs/training_summary.json,787,8e231b76bf6cc8791fb04a97906aeeb5795f9e1eeef38e64c965d8b9c3daee7c
outputs/controlled-augmentation2-mac-m4-aug05/batch/batch-128/cifar100_coarse/runs/cifar100_coarse__unit_interval__all_raw__seed-42/telemetry/summary.json,5260,a6a4981d6c9e1406a8f3d1ebcbcc3664962ce9cd437dc9657ebfe585e3a53288
outputs/controlled-augmentation2-mac-m4-aug05/batch/batch-128/emnist_balanced/runs/emnist_balanced__unit_interval__all_raw__seed-42/status.json,278,d2d8c6710dd5e1533497f9cbe32a6c7d79b7068acede15b0d3a634a09eac66fb
outputs/controlled-augmentation2-mac-m4-aug05/batch/batch-128/emnist_balanced/runs/emnist_balanced__unit_interval__all_raw__seed-42/manifest.json,59618,d474a6f10cbe838845e1afca124ba685d76cb9f60772d6ce7ce1116161b36b22
outputs/controlled-augmentation2-mac-m4-aug05/batch/batch-128/emnist_balanced/runs/emnist_balanced__unit_interval__all_raw__seed-42/telemetry/environment.json,1782,4303d80a21885ff41a3c632ec822f4986ed460839909e0b9b0108986b6f7bd78
outputs/controlled-augmentation2-mac-m4-aug05/batch/batch-128/emnist_balanced/runs/emnist_balanced__unit_interval__all_raw__seed-42/checkpoints/epoch_metrics.csv,312491,2b01ffe06092f32fa7ade3ebd07a809d017d4b19d672c8f558c6dff9481afa5a
outputs/controlled-augmentation2-mac-m4-aug05/batch/batch-128/emnist_balanced/runs/emnist_balanced__unit_interval__all_raw__seed-42/telemetry/samples.csv,9234557,6834d3976d7f335c0ad2b56587ed966a40806f1de43fbab577412b69d8abb499
outputs/controlled-augmentation2-mac-m4-aug05/batch/batch-128/emnist_balanced/runs/emnist_balanced__unit_interval__all_raw__seed-42/artifacts/test_metrics.json,33924,c0c0ca3ed21958a805688d947a9e7938021270f1906b84576aaa0490f1719733
outputs/controlled-augmentation2-mac-m4-aug05/batch/batch-128/emnist_balanced/runs/emnist_balanced__unit_interval__all_raw__seed-42/logs/training_summary.json,780,a459864e8b13c9a85c33f68b0131de17f54f2d047b09dab2b0116eabdd9ac6c8
outputs/controlled-augmentation2-mac-m4-aug05/batch/batch-128/emnist_balanced/runs/emnist_balanced__unit_interval__all_raw__seed-42/telemetry/summary.json,5263,22d1ec61b8718f7191768e52389737cc003289319b2f45fc33fe39fd6931aebf
outputs/controlled-augmentation2-mac-m4-aug05/batch/batch-128/fashion_mnist/runs/fashion_mnist__unit_interval__all_raw__seed-42/status.json,276,ac91b568d2ed6b46b68a0ccc593c2100abc56ed7e3cae8beca0189708c592350
outputs/controlled-augmentation2-mac-m4-aug05/batch/batch-128/fashion_mnist/runs/fashion_mnist__unit_interval__all_raw__seed-42/manifest.json,18804,3caa4a6f877b3f7b75713a296895631be4b06c730d329004c8c5880e012fdd12
outputs/controlled-augmentation2-mac-m4-aug05/batch/batch-128/fashion_mnist/runs/fashion_mnist__unit_interval__all_raw__seed-42/telemetry/environment.json,1782,c85fc040738ab640c84d7b1cf4dff667495607e26a1be660169c82fda807ecb0
outputs/controlled-augmentation2-mac-m4-aug05/batch/batch-128/fashion_mnist/runs/fashion_mnist__unit_interval__all_raw__seed-42/checkpoints/epoch_metrics.csv,82109,a53335738ef5b1644e392ae8f684353552fcdb468f317e2e7d86f0100a078f9e
outputs/controlled-augmentation2-mac-m4-aug05/batch/batch-128/fashion_mnist/runs/fashion_mnist__unit_interval__all_raw__seed-42/telemetry/samples.csv,4874927,0eb4139637253b50293844468e1ba1e2640d38b7b8e58ff965fe77b14124474f
outputs/controlled-augmentation2-mac-m4-aug05/batch/batch-128/fashion_mnist/runs/fashion_mnist__unit_interval__all_raw__seed-42/artifacts/test_metrics.json,3490,4db2702c261148959208062d6fb199f359f26d637b39ded37176d2f2b164e851
outputs/controlled-augmentation2-mac-m4-aug05/batch/batch-128/fashion_mnist/runs/fashion_mnist__unit_interval__all_raw__seed-42/logs/training_summary.json,769,870b1347d6683ecf72e1f4b948fab12212c3f00b70d5ef726ba98546195b846a
outputs/controlled-augmentation2-mac-m4-aug05/batch/batch-128/fashion_mnist/runs/fashion_mnist__unit_interval__all_raw__seed-42/telemetry/summary.json,5228,f05f880e94606723d20620cbb30bfbb86682f6a5bfe7a8178b4819254f0a7dc1
outputs/controlled-augmentation2-mac-m4-aug05/batch/batch-128/fer2013/runs/fer2013__unit_interval__all_raw__seed-42/status.json,270,a1012459f6d6a2e1c87b6f04667619f0ae26ce1fcfaf16603fb4bb88463ea142
outputs/controlled-augmentation2-mac-m4-aug05/batch/batch-128/fer2013/runs/fer2013__unit_interval__all_raw__seed-42/manifest.json,17295,1007a7ad21a3595d661ec0c8ee56585d57d39e0ba0c76f64aa04097030220366
outputs/controlled-augmentation2-mac-m4-aug05/batch/batch-128/fer2013/runs/fer2013__unit_interval__all_raw__seed-42/telemetry/environment.json,1782,170ea14b57fa73072349b30d5d0530a60f3c26aa673f69741e03648c58ff6586
outputs/controlled-augmentation2-mac-m4-aug05/batch/batch-128/fer2013/runs/fer2013__unit_interval__all_raw__seed-42/checkpoints/epoch_metrics.csv,61911,e156e882f2d72a4e31362a5c4616bd349591677f48a6a154067cdb913fe84e9e
outputs/controlled-augmentation2-mac-m4-aug05/batch/batch-128/fer2013/runs/fer2013__unit_interval__all_raw__seed-42/telemetry/samples.csv,2625526,f9d4ff8a67846bf2b6ed5201fbc69712d1fcea712633bede15fe5c99ecf67482
outputs/controlled-augmentation2-mac-m4-aug05/batch/batch-128/fer2013/runs/fer2013__unit_interval__all_raw__seed-42/artifacts/test_metrics.json,2378,4c4be42132aa643a0110397f923507dae6db4b8a0a5436d56e60edfb907292b7
outputs/controlled-augmentation2-mac-m4-aug05/batch/batch-128/fer2013/runs/fer2013__unit_interval__all_raw__seed-42/logs/training_summary.json,770,758cb5b78d3199f0a7b043bbcc57d817c357d6472b1eddee497bef5dff34b369
outputs/controlled-augmentation2-mac-m4-aug05/batch/batch-128/fer2013/runs/fer2013__unit_interval__all_raw__seed-42/telemetry/summary.json,5250,24920966ce98471a08e39386c9ccd6545ba04fd7863d773c8dd7d70be8125a9d
outputs/controlled-augmentation2-mac-m4-aug05/batch/batch-128/gtsrb/runs/gtsrb__unit_interval__all_raw__seed-42/status.json,268,d5afcff514c662ef92b17598e3d36ed1b4bca3c20bce918558771d781c54e104
outputs/controlled-augmentation2-mac-m4-aug05/batch/batch-128/gtsrb/runs/gtsrb__unit_interval__all_raw__seed-42/manifest.json,52293,50ad173941c42eb116fb1bd4ec9d573cbe478d88797f286961dc677574f49fcc
outputs/controlled-augmentation2-mac-m4-aug05/batch/batch-128/gtsrb/runs/gtsrb__unit_interval__all_raw__seed-42/telemetry/environment.json,1782,01dd33abf06aeb40805e49607d4089c11123e91eae9404dea84e4088fde9ca8e
outputs/controlled-augmentation2-mac-m4-aug05/batch/batch-128/gtsrb/runs/gtsrb__unit_interval__all_raw__seed-42/checkpoints/epoch_metrics.csv,216108,4e547957895cf4e8b6e7be1ac1a2e3bc4f751f0b95d557d5f3af25b7aef22dfa
outputs/controlled-augmentation2-mac-m4-aug05/batch/batch-128/gtsrb/runs/gtsrb__unit_interval__all_raw__seed-42/telemetry/samples.csv,3653773,d0d2c4d8d5bac907aff1e8559cfea324d531b5cc510bbc87b39b01b71c65ffcb
outputs/controlled-augmentation2-mac-m4-aug05/batch/batch-128/gtsrb/runs/gtsrb__unit_interval__all_raw__seed-42/artifacts/test_metrics.json,28283,7171b5e95101822686264c11ac587be9489f9635fc7da0c7417a7b41a64f696d
outputs/controlled-augmentation2-mac-m4-aug05/batch/batch-128/gtsrb/runs/gtsrb__unit_interval__all_raw__seed-42/logs/training_summary.json,766,54e51fdfe4866a5bae891f6a91e1fe0a398d2a7f134110b25ee083479c619c3d
outputs/controlled-augmentation2-mac-m4-aug05/batch/batch-128/gtsrb/runs/gtsrb__unit_interval__all_raw__seed-42/telemetry/summary.json,5252,19f4cab7e7952bfd7f7d5e1072a6dccd6cc2c1490477c8e8556d8f3a027b7d53
outputs/controlled-augmentation2-mac-m4-aug05/batch/batch-128/kmnist/runs/kmnist__unit_interval__all_raw__seed-42/status.json,269,8d4b6c7941faa96cb0522a17823c232e6b45a046bf96ac114822770cf71a2c41
outputs/controlled-augmentation2-mac-m4-aug05/batch/batch-128/kmnist/runs/kmnist__unit_interval__all_raw__seed-42/manifest.json,18650,7f05e209db9015260afa276da2bbe55cc9087e1f27e1f14087fb4b6b271d491d
outputs/controlled-augmentation2-mac-m4-aug05/batch/batch-128/kmnist/runs/kmnist__unit_interval__all_raw__seed-42/telemetry/environment.json,1782,a1d47627f59b886a463a5954f89a8bdda7b89f91721ec1bb8d0206148a35a6be
outputs/controlled-augmentation2-mac-m4-aug05/batch/batch-128/kmnist/runs/kmnist__unit_interval__all_raw__seed-42/checkpoints/epoch_metrics.csv,82446,a52d0e9cd06468566bbc39b64c1e37e831107483dc172f237981942d8fc905fd
outputs/controlled-augmentation2-mac-m4-aug05/batch/batch-128/kmnist/runs/kmnist__unit_interval__all_raw__seed-42/telemetry/samples.csv,4956750,93424b83b01fb9dc7bca74c75ad7f8161ecf60be780fcb081d7b6fcf238dbf34
outputs/controlled-augmentation2-mac-m4-aug05/batch/batch-128/kmnist/runs/kmnist__unit_interval__all_raw__seed-42/artifacts/test_metrics.json,3485,2449ac32e4edb882856d5843437805ed03ff84d414d4e504018e72ad1dd121b2
outputs/controlled-augmentation2-mac-m4-aug05/batch/batch-128/kmnist/runs/kmnist__unit_interval__all_raw__seed-42/logs/training_summary.json,765,a305fab010675096831c19e69d6b53dbac6216527bacd21e6c5375069a14566f
outputs/controlled-augmentation2-mac-m4-aug05/batch/batch-128/kmnist/runs/kmnist__unit_interval__all_raw__seed-42/telemetry/summary.json,5264,76ade96349c58242e7a3d1fc76f2c4e8d515597fdd676ff35ed607e13cb41e20
outputs/controlled-augmentation2-mac-m4-aug05/batch/batch-128/mnist/runs/mnist__unit_interval__all_raw__seed-42/status.json,268,5479125d2679d6b19251235098b374d1ef0ffaa525b778620d3293da34872ba7
outputs/controlled-augmentation2-mac-m4-aug05/batch/batch-128/mnist/runs/mnist__unit_interval__all_raw__seed-42/manifest.json,18747,e72b37bd9174e86c76d7bcd3e2e5d8a4673b5c3f3a7e545bd06cb15e08be36bc
outputs/controlled-augmentation2-mac-m4-aug05/batch/batch-128/mnist/runs/mnist__unit_interval__all_raw__seed-42/telemetry/environment.json,1782,13e75d2ba1b9b3e5f85d94dfd5fb05f5e514f7afb11c3688e0f87971868aef11
outputs/controlled-augmentation2-mac-m4-aug05/batch/batch-128/mnist/runs/mnist__unit_interval__all_raw__seed-42/checkpoints/epoch_metrics.csv,81361,213aab556ae8973e4748ea7a8b2f6c0ecfa01267807476ce962ceb431f53c75d
outputs/controlled-augmentation2-mac-m4-aug05/batch/batch-128/mnist/runs/mnist__unit_interval__all_raw__seed-42/telemetry/samples.csv,4974748,e02e3fd6a652be4d0446e7d14fdec3a0e8ddff9bf6bbbf824b5bfe7459c84acc
outputs/controlled-augmentation2-mac-m4-aug05/batch/batch-128/mnist/runs/mnist__unit_interval__all_raw__seed-42/artifacts/test_metrics.json,3485,1fdd033674dd18efc7f659228c8149ee22bb42ed209259797259c679cb967a91
outputs/controlled-augmentation2-mac-m4-aug05/batch/batch-128/mnist/runs/mnist__unit_interval__all_raw__seed-42/logs/training_summary.json,765,fffeefb9c9ace950262b30ef112fd48811dfcaa0aa631b4faa54862e166e50dc
outputs/controlled-augmentation2-mac-m4-aug05/batch/batch-128/mnist/runs/mnist__unit_interval__all_raw__seed-42/telemetry/summary.json,5254,3487e21309e36fa78d5684e4948f14c76ed15a61780e0b1d0b2f2645fb11b335
outputs/controlled-augmentation2-mac-m4-aug05/batch/batch-128/svhn/runs/svhn__unit_interval__all_raw__seed-42/status.json,267,8a43fd0be3d48972f253aa5ee32e78f82da93b1c1fc89e09281fc2c231f78ec0
outputs/controlled-augmentation2-mac-m4-aug05/batch/batch-128/svhn/runs/svhn__unit_interval__all_raw__seed-42/manifest.json,18768,3454746462e074d554b0cfbc8ee29b58e9a0bea4853c4a0efe0a9447ca8e57b1
outputs/controlled-augmentation2-mac-m4-aug05/batch/batch-128/svhn/runs/svhn__unit_interval__all_raw__seed-42/telemetry/environment.json,1782,8b301388a82e463b33e5645bf5cdedac25f1163042954e0d76adaa6268b4d7f7
outputs/controlled-augmentation2-mac-m4-aug05/batch/batch-128/svhn/runs/svhn__unit_interval__all_raw__seed-42/checkpoints/epoch_metrics.csv,82901,a384538607d9cc3444af9a77f3510ec0b626ee815ed887cefc582b6f493b515e
outputs/controlled-augmentation2-mac-m4-aug05/batch/batch-128/svhn/runs/svhn__unit_interval__all_raw__seed-42/telemetry/samples.csv,7645832,0ee20dc836e5b9773be07eb96cc9b1345af18f2f05ec42b308dc61a5039a195d
outputs/controlled-augmentation2-mac-m4-aug05/batch/batch-128/svhn/runs/svhn__unit_interval__all_raw__seed-42/artifacts/test_metrics.json,3533,0b67fd0c68001978eb0592d0935bf724efadd946ee3491c78e54d99f5a7f9ed7
outputs/controlled-augmentation2-mac-m4-aug05/batch/batch-128/svhn/runs/svhn__unit_interval__all_raw__seed-42/logs/training_summary.json,759,009ee76e468ee1d8edb3d1fc375bc468e15f5b73f9762560b96dfbcca4385408
outputs/controlled-augmentation2-mac-m4-aug05/batch/batch-128/svhn/runs/svhn__unit_interval__all_raw__seed-42/telemetry/summary.json,5258,c76641d4ce28ca12c2494a7485ba1446f30a87529c30fd314a9b5e3078dba856
outputs/controlled-augmentation2-mac-m4-aug05/batch/batch-256/cifar10/runs/cifar10__unit_interval__all_raw__seed-42/status.json,270,dea7e09043c6f546c44eb7eb432145497e14962c103f86e4a407c6c3ebc8aaf6
outputs/controlled-augmentation2-mac-m4-aug05/batch/batch-256/cifar10/runs/cifar10__unit_interval__all_raw__seed-42/manifest.json,18868,e8d8d9ef3921a958c8736b4739c4535f7f515f0df800530bb8595144925c40fb
outputs/controlled-augmentation2-mac-m4-aug05/batch/batch-256/cifar10/runs/cifar10__unit_interval__all_raw__seed-42/telemetry/environment.json,1782,46adc58b81faf5dbff76097ec1133c0a9f83c64eab38ed6d6062e269f4c620e8
outputs/controlled-augmentation2-mac-m4-aug05/batch/batch-256/cifar10/runs/cifar10__unit_interval__all_raw__seed-42/checkpoints/epoch_metrics.csv,80305,91d4afcad136001c83a4a1d47167c639942db10b3c0d36c59abdf3832c2e0b4b
outputs/controlled-augmentation2-mac-m4-aug05/batch/batch-256/cifar10/runs/cifar10__unit_interval__all_raw__seed-42/telemetry/samples.csv,2809207,74bc14008296e0ccba9cd3ff327c3ebdb4261386742d88ace6bc7168957746b8
outputs/controlled-augmentation2-mac-m4-aug05/batch/batch-256/cifar10/runs/cifar10__unit_interval__all_raw__seed-42/artifacts/test_metrics.json,3548,3b8234d7312f06fbdf9357b0bf267e492d7e13f1ba7541ad7ae8366066a615e7
outputs/controlled-augmentation2-mac-m4-aug05/batch/batch-256/cifar10/runs/cifar10__unit_interval__all_raw__seed-42/logs/training_summary.json,769,5eca0b702de5b271a38ce67e786ebe587025375461d63eb7b93def81690d1fec
outputs/controlled-augmentation2-mac-m4-aug05/batch/batch-256/cifar10/runs/cifar10__unit_interval__all_raw__seed-42/telemetry/summary.json,5271,41194e9c231eb1fc109525d1ba2c71dda9833c0655cb39e59b8acbe995eda7a7
outputs/controlled-augmentation2-mac-m4-aug05/batch/batch-256/cifar100_coarse/runs/cifar100_coarse__unit_interval__all_raw__seed-42/status.json,278,432c4ad2ce16e751a968fbbe8ab0b03c6dae429df201e8a8c1021fcf7039f3b3
outputs/controlled-augmentation2-mac-m4-aug05/batch/batch-256/cifar100_coarse/runs/cifar100_coarse__unit_interval__all_raw__seed-42/manifest.json,27281,d7443d242adfe1b6a3e834ca318b8783043b34d1e051e1f89c81ad0df2476a95
outputs/controlled-augmentation2-mac-m4-aug05/batch/batch-256/cifar100_coarse/runs/cifar100_coarse__unit_interval__all_raw__seed-42/telemetry/environment.json,1782,75a69f5f03e29643b5a0114a4cefdf6306573bb3979519b5e7838e463f4e1e19
outputs/controlled-augmentation2-mac-m4-aug05/batch/batch-256/cifar100_coarse/runs/cifar100_coarse__unit_interval__all_raw__seed-42/checkpoints/epoch_metrics.csv,143372,d9f216147bddbf4e46f3e2dd9dd3394d5164544a51233852076e6e8aa101ab4e
outputs/controlled-augmentation2-mac-m4-aug05/batch/batch-256/cifar100_coarse/runs/cifar100_coarse__unit_interval__all_raw__seed-42/telemetry/samples.csv,2874527,a5ab3e5cc3fdfdc528c0f133698c66c641ef7368cc5e19ea16e60f8164ecc2fc
outputs/controlled-augmentation2-mac-m4-aug05/batch/batch-256/cifar100_coarse/runs/cifar100_coarse__unit_interval__all_raw__seed-42/artifacts/test_metrics.json,8873,50d032a65de63d614d0a2bf825f9a0d44f2119886af1334ed2d36104261d5926
outputs/controlled-augmentation2-mac-m4-aug05/batch/batch-256/cifar100_coarse/runs/cifar100_coarse__unit_interval__all_raw__seed-42/logs/training_summary.json,784,b489212625106d0d4abb11e3741eb5b5feda5af2162c3f86c0413fa4c9697ad9
outputs/controlled-augmentation2-mac-m4-aug05/batch/batch-256/cifar100_coarse/runs/cifar100_coarse__unit_interval__all_raw__seed-42/telemetry/summary.json,5230,29f3e75f736dd227830a407f87988a0f7d16541083e1658760490616628a78fb
outputs/controlled-augmentation2-mac-m4-aug05/batch/batch-256/emnist_balanced/runs/emnist_balanced__unit_interval__all_raw__seed-42/status.json,278,029d0d776dc82bba39759860f1d42dd34b3ba32b3632704141b38f3fd0dbdf5e
outputs/controlled-augmentation2-mac-m4-aug05/batch/batch-256/emnist_balanced/runs/emnist_balanced__unit_interval__all_raw__seed-42/manifest.json,59676,5a6f97777f00aaee53592a170062ddc02fa3c3f5bb6970816b2ef6871fb2e615
outputs/controlled-augmentation2-mac-m4-aug05/batch/batch-256/emnist_balanced/runs/emnist_balanced__unit_interval__all_raw__seed-42/telemetry/environment.json,1782,59ab8bff7e369b915c3c2f2b48a8cb3ac20b3cfce58fb646b559e84a00108ce4
outputs/controlled-augmentation2-mac-m4-aug05/batch/batch-256/emnist_balanced/runs/emnist_balanced__unit_interval__all_raw__seed-42/checkpoints/epoch_metrics.csv,312246,ea1c527d9ade885a2f775cb62412ab98d929daf5402ceaa0748475893a3357a1
outputs/controlled-augmentation2-mac-m4-aug05/batch/batch-256/emnist_balanced/runs/emnist_balanced__unit_interval__all_raw__seed-42/telemetry/samples.csv,5837787,c1ce8b447348b4d05e9dbc3d40c0de5604f3d7d2e96026cd7c7480194a2d18b7
outputs/controlled-augmentation2-mac-m4-aug05/batch/batch-256/emnist_balanced/runs/emnist_balanced__unit_interval__all_raw__seed-42/artifacts/test_metrics.json,34021,758f3560e2c33d8a5d3ee85d474f365fd93a59f74c805c43bacc2169b0bd3f53
outputs/controlled-augmentation2-mac-m4-aug05/batch/batch-256/emnist_balanced/runs/emnist_balanced__unit_interval__all_raw__seed-42/logs/training_summary.json,784,26d2b937f0c70127c2f8355ee237eac529f63513182e5141315d63aba310a494
outputs/controlled-augmentation2-mac-m4-aug05/batch/batch-256/emnist_balanced/runs/emnist_balanced__unit_interval__all_raw__seed-42/telemetry/summary.json,5223,176f7df8a14236612c902505d6adc0bf14d30a00fafd25c21795cca5dcb50f0a
outputs/controlled-augmentation2-mac-m4-aug05/batch/batch-256/fashion_mnist/runs/fashion_mnist__unit_interval__all_raw__seed-42/status.json,276,ede984406a96f9d4eadd2268d02006db6f06dbd67558b7fe5d165582ee3e55c8
outputs/controlled-augmentation2-mac-m4-aug05/batch/batch-256/fashion_mnist/runs/fashion_mnist__unit_interval__all_raw__seed-42/manifest.json,18854,14254acb36c127458aaf12d574d8d832b5abc60fdbe029d52fd1927a5b70585c
outputs/controlled-augmentation2-mac-m4-aug05/batch/batch-256/fashion_mnist/runs/fashion_mnist__unit_interval__all_raw__seed-42/telemetry/environment.json,1782,c348239232e059c6d7bb969747b10fccf1f6f03d4cca2a2c412f4bead3d63011
outputs/controlled-augmentation2-mac-m4-aug05/batch/batch-256/fashion_mnist/runs/fashion_mnist__unit_interval__all_raw__seed-42/checkpoints/epoch_metrics.csv,81893,44ebba58f9c52d832fa75307b5dfd847803d8db01a8b5985d3bbe2fe8846a369
outputs/controlled-augmentation2-mac-m4-aug05/batch/batch-256/fashion_mnist/runs/fashion_mnist__unit_interval__all_raw__seed-42/telemetry/samples.csv,2897844,91a2c5bb52afa152707466529c1e01700179b7a0f685a165b74d1c8924da6685
outputs/controlled-augmentation2-mac-m4-aug05/batch/batch-256/fashion_mnist/runs/fashion_mnist__unit_interval__all_raw__seed-42/artifacts/test_metrics.json,3513,e7e3110348e2935e2ea6193827d6efb65aaec8484529106459975b2fe3f0e2f5
outputs/controlled-augmentation2-mac-m4-aug05/batch/batch-256/fashion_mnist/runs/fashion_mnist__unit_interval__all_raw__seed-42/logs/training_summary.json,779,2b05af4432982c231ea19f8f902a9ed46b95654c0d6b9921963c3c6f73624d71
outputs/controlled-augmentation2-mac-m4-aug05/batch/batch-256/fashion_mnist/runs/fashion_mnist__unit_interval__all_raw__seed-42/telemetry/summary.json,5245,944ded26efefa8fd1c3785b5fdd744682f90e2662feadba33e231d6f5f64d800
outputs/controlled-augmentation2-mac-m4-aug05/batch/batch-256/fer2013/runs/fer2013__unit_interval__all_raw__seed-42/status.json,270,043ae5a5ea52c67bca793cc0f9431d6a40dc8616a077949bd7cbbf67bf48337a
outputs/controlled-augmentation2-mac-m4-aug05/batch/batch-256/fer2013/runs/fer2013__unit_interval__all_raw__seed-42/manifest.json,17272,d93c04821d2fa9ecff0ad8f3eadc74c33874711862735ed3a32faf7e4ba6edec
outputs/controlled-augmentation2-mac-m4-aug05/batch/batch-256/fer2013/runs/fer2013__unit_interval__all_raw__seed-42/telemetry/environment.json,1782,b1348c8a6dc3032dd5dd175878e0c566a90d40cb3a35b2a0dacded432cd507b8
outputs/controlled-augmentation2-mac-m4-aug05/batch/batch-256/fer2013/runs/fer2013__unit_interval__all_raw__seed-42/checkpoints/epoch_metrics.csv,60057,39551af18d879c5dd478c328760debb475dd43fa7a6e2908d9b26ed7726de789
outputs/controlled-augmentation2-mac-m4-aug05/batch/batch-256/fer2013/runs/fer2013__unit_interval__all_raw__seed-42/telemetry/samples.csv,1539796,18b546a7fae9ee891fe9b5dba4856f2e410880dc0f744a7d53a47824d9449414
outputs/controlled-augmentation2-mac-m4-aug05/batch/batch-256/fer2013/runs/fer2013__unit_interval__all_raw__seed-42/artifacts/test_metrics.json,2365,d987a7c927aca1446cf7e3d5dc97c09dd676a9baa2fdf989635d7b066aa6a641
outputs/controlled-augmentation2-mac-m4-aug05/batch/batch-256/fer2013/runs/fer2013__unit_interval__all_raw__seed-42/logs/training_summary.json,764,d5cbba9c0970b6cee10462d2d05321331e1fcc4b44fa3dfa5467e86e14b2f1bd
outputs/controlled-augmentation2-mac-m4-aug05/batch/batch-256/fer2013/runs/fer2013__unit_interval__all_raw__seed-42/telemetry/summary.json,5246,490137d0f20ebb9ac2f4ea3b8963f0d23ffa228cb3f3256ad7e34f371c7d4774
outputs/controlled-augmentation2-mac-m4-aug05/batch/batch-256/gtsrb/runs/gtsrb__unit_interval__all_raw__seed-42/status.json,268,09edcbbebf8ff302465005a48e08e7ffd440380b7d9fb222e2a521bbd6065b8d
outputs/controlled-augmentation2-mac-m4-aug05/batch/batch-256/gtsrb/runs/gtsrb__unit_interval__all_raw__seed-42/manifest.json,52565,20051e465118b4cbe3c56cc6ce6ea4eb1f977620444ffd965282174b331e41f2
outputs/controlled-augmentation2-mac-m4-aug05/batch/batch-256/gtsrb/runs/gtsrb__unit_interval__all_raw__seed-42/telemetry/environment.json,1785,4dbec36a7fb91201ccf3ea4d4b7661bd61d58a5838a3d7642ada1d1b5a4d73ba
outputs/controlled-augmentation2-mac-m4-aug05/batch/batch-256/gtsrb/runs/gtsrb__unit_interval__all_raw__seed-42/checkpoints/epoch_metrics.csv,229168,9c98bc1760b6cd2c14ae1285ee1d3cd3c8073f62817c4b1e1be67ead4118ce29
outputs/controlled-augmentation2-mac-m4-aug05/batch/batch-256/gtsrb/runs/gtsrb__unit_interval__all_raw__seed-42/telemetry/samples.csv,3105648,19cf40a53b06facdc93d3de8fbbf017709f8899a74b960ef50c068089746014c
outputs/controlled-augmentation2-mac-m4-aug05/batch/batch-256/gtsrb/runs/gtsrb__unit_interval__all_raw__seed-42/artifacts/test_metrics.json,28518,57b36148983cb5de5382d65409917f823dba463e921ad95c21c9e90e75436e56
outputs/controlled-augmentation2-mac-m4-aug05/batch/batch-256/gtsrb/runs/gtsrb__unit_interval__all_raw__seed-42/logs/training_summary.json,757,4a74bc6baca7f332636fd6eb596edce045aa627ab7ffec8863f9b47c46a02d9e
outputs/controlled-augmentation2-mac-m4-aug05/batch/batch-256/gtsrb/runs/gtsrb__unit_interval__all_raw__seed-42/telemetry/summary.json,5298,a56fd5623b4bda319dc7907e58d6865b3fc8862f5a21836e6607698982d78ebf
outputs/controlled-augmentation2-mac-m4-aug05/batch/batch-256/kmnist/runs/kmnist__unit_interval__all_raw__seed-42/status.json,269,5784cf0f0cda8fc9319c2ee39fe4898cf0df1d2e9a15e52cd5f7fdf4661c37e9
outputs/controlled-augmentation2-mac-m4-aug05/batch/batch-256/kmnist/runs/kmnist__unit_interval__all_raw__seed-42/manifest.json,18644,52a8da27c6210d74105b9adc2d31a195069deeb8e63e85777578010d4228317c
outputs/controlled-augmentation2-mac-m4-aug05/batch/batch-256/kmnist/runs/kmnist__unit_interval__all_raw__seed-42/telemetry/environment.json,1782,d4c36d25776044ce0c96204b0c37c8ebfec5a07170ecc42ceb73eb2d3c41050e
outputs/controlled-augmentation2-mac-m4-aug05/batch/batch-256/kmnist/runs/kmnist__unit_interval__all_raw__seed-42/checkpoints/epoch_metrics.csv,82471,4dee77bbb071e86d7f154557523ca1e01b6c037218839ee93770567ea4c280d8
outputs/controlled-augmentation2-mac-m4-aug05/batch/batch-256/kmnist/runs/kmnist__unit_interval__all_raw__seed-42/telemetry/samples.csv,2912547,5fe0b9e7c134b4a75c7cbf14e4832ad521f751936594cf6036d98581e048e345
outputs/controlled-augmentation2-mac-m4-aug05/batch/batch-256/kmnist/runs/kmnist__unit_interval__all_raw__seed-42/artifacts/test_metrics.json,3499,510b66e0a95691912aa6cc2d1a97855a0b0a25450abac182e14a1eb080795533
outputs/controlled-augmentation2-mac-m4-aug05/batch/batch-256/kmnist/runs/kmnist__unit_interval__all_raw__seed-42/logs/training_summary.json,767,f1493c0e95c5b8f094bf4cc90b4f7487406c667e979ff9a1b05b68ac43b0e22e
outputs/controlled-augmentation2-mac-m4-aug05/batch/batch-256/kmnist/runs/kmnist__unit_interval__all_raw__seed-42/telemetry/summary.json,5242,10cc98cc595c71d817607c4cc572088dec285cca4ff7dea058ba8bfc27c22a99
outputs/controlled-augmentation2-mac-m4-aug05/batch/batch-256/mnist/runs/mnist__unit_interval__all_raw__seed-42/status.json,268,b12c65fc1c6554577a95bf32be8828fbf1afff90d5aaf5ffe36dd57f9c8423cc
outputs/controlled-augmentation2-mac-m4-aug05/batch/batch-256/mnist/runs/mnist__unit_interval__all_raw__seed-42/manifest.json,18721,14e2b2df9f93ad00423c45379b7a4a61b983091be29df98ef2c18597e9a62250
outputs/controlled-augmentation2-mac-m4-aug05/batch/batch-256/mnist/runs/mnist__unit_interval__all_raw__seed-42/telemetry/environment.json,1782,a2099224ce38fa4a8366bfe30bbf58e3bd41ca8a3c555ab3c93186a41b56b7b3
outputs/controlled-augmentation2-mac-m4-aug05/batch/batch-256/mnist/runs/mnist__unit_interval__all_raw__seed-42/checkpoints/epoch_metrics.csv,81445,0aee56db882caa9b300879703483ec099926ecf0ba0e19c80ac4b96a04d6e5a9
outputs/controlled-augmentation2-mac-m4-aug05/batch/batch-256/mnist/runs/mnist__unit_interval__all_raw__seed-42/telemetry/samples.csv,2994590,88568af32026f5d2f8bf8f124c2ff80f87cab6fc06bdb8356649a2cc062c9bb4
outputs/controlled-augmentation2-mac-m4-aug05/batch/batch-256/mnist/runs/mnist__unit_interval__all_raw__seed-42/artifacts/test_metrics.json,3489,de941c2e66e691aca18fd8d1f93abfc25a2c8b3477c8b945d4b799db08637739
outputs/controlled-augmentation2-mac-m4-aug05/batch/batch-256/mnist/runs/mnist__unit_interval__all_raw__seed-42/logs/training_summary.json,764,cf38e2bd3f517354017485fce8f4022b56ba44a917a3fe038377e9c7d169f9f6
outputs/controlled-augmentation2-mac-m4-aug05/batch/batch-256/mnist/runs/mnist__unit_interval__all_raw__seed-42/telemetry/summary.json,5225,d8d75a81540d97ab7ff3ff2f555799fd03bc18d0e02367420fcd22a6795d1462
outputs/controlled-augmentation2-mac-m4-aug05/batch/batch-256/svhn/runs/svhn__unit_interval__all_raw__seed-42/status.json,267,27c50fb94555675762474c157419d625500b9fccc099a889fb9157332ff353a4
outputs/controlled-augmentation2-mac-m4-aug05/batch/batch-256/svhn/runs/svhn__unit_interval__all_raw__seed-42/manifest.json,18778,de699a396cfb5a4d25d15351d9bc20053ca5a86636ac6ce0a18819578125c2e0
outputs/controlled-augmentation2-mac-m4-aug05/batch/batch-256/svhn/runs/svhn__unit_interval__all_raw__seed-42/telemetry/environment.json,1782,99e8f71d71e9af9005e0bae4bc1aed36edfffd1c51a26284c9c641bcc4a0c3d0
outputs/controlled-augmentation2-mac-m4-aug05/batch/batch-256/svhn/runs/svhn__unit_interval__all_raw__seed-42/checkpoints/epoch_metrics.csv,82976,8999af7e5faacc8335938fcd002e58fd3d8e4b7fbbee593ab6e0fd7a0b8782ef
outputs/controlled-augmentation2-mac-m4-aug05/batch/batch-256/svhn/runs/svhn__unit_interval__all_raw__seed-42/telemetry/samples.csv,4563657,e5efacc2a77bedb753f3fdd426b6e6f59a963fb7a661b2c2674e5a37754d4732
outputs/controlled-augmentation2-mac-m4-aug05/batch/batch-256/svhn/runs/svhn__unit_interval__all_raw__seed-42/artifacts/test_metrics.json,3540,2c7608516135e3b684cd082177c70f5249284dd0ce7ee7e1475b882b88a802ec
outputs/controlled-augmentation2-mac-m4-aug05/batch/batch-256/svhn/runs/svhn__unit_interval__all_raw__seed-42/logs/training_summary.json,760,d0dad55744438690f19c09f4be7f22a58ff82da3bf37b1fbfbe12c1cbc69a2c1
outputs/controlled-augmentation2-mac-m4-aug05/batch/batch-256/svhn/runs/svhn__unit_interval__all_raw__seed-42/telemetry/summary.json,5262,6f977ef19873d9bff159dd86d50491e0060660d5fb4f9c31c650c6f6d92750c7
outputs/controlled-augmentation2-mac-m4-aug05/smoke/cifar10/runs/cifar10__unit_interval__all_raw__seed-42/status.json,270,ef5d47c92518f495654b864d8bcfc03fdd662448a9744d29d65b280797606740
outputs/controlled-augmentation2-mac-m4-aug05/smoke/cifar10/runs/cifar10__unit_interval__all_raw__seed-42/manifest.json,18501,5daa857f4f468732bd94f51f8cab51957218d357ba6a2c609775d9f6f3bd6a44
outputs/controlled-augmentation2-mac-m4-aug05/smoke/cifar10/runs/cifar10__unit_interval__all_raw__seed-42/telemetry/environment.json,1782,112551fc348497ea71919d43d3b66c2315c107ece6b83cc9087c5d59ea63d5af
outputs/controlled-augmentation2-mac-m4-aug05/smoke/cifar10/runs/cifar10__unit_interval__all_raw__seed-42/checkpoints/epoch_metrics.csv,1681,f870981d5075e69385a048e7b041308af8ccdbbadeb87ce32a3173bf8575be40
outputs/controlled-augmentation2-mac-m4-aug05/smoke/cifar10/runs/cifar10__unit_interval__all_raw__seed-42/telemetry/samples.csv,15522,5291ad9bc6a28cd1a6901ace6755cc3be931b32c0da86179ecb33b9a7d135805
outputs/controlled-augmentation2-mac-m4-aug05/smoke/cifar10/runs/cifar10__unit_interval__all_raw__seed-42/artifacts/test_metrics.json,2997,d93536ad3454c6cbba5ab813bd02852a1b4a392a7a64189e4246273decdfd1a9
outputs/controlled-augmentation2-mac-m4-aug05/smoke/cifar10/runs/cifar10__unit_interval__all_raw__seed-42/logs/training_summary.json,751,423f915053b1baea7c46849cfab244b9a26a29673407400aa390a603efc0c400
outputs/controlled-augmentation2-mac-m4-aug05/smoke/cifar10/runs/cifar10__unit_interval__all_raw__seed-42/telemetry/summary.json,5124,5d07da764b7abb26109fc9876d027343eb81c89a083aef4e43d406c6890fa98f
outputs/controlled-augmentation2-mac-m4-aug05/smoke/cifar100_coarse/runs/cifar100_coarse__unit_interval__all_raw__seed-42/status.json,278,4d83edb088121c593b288338c833134eb734abdfdd9777252e472f1e8db8976d
outputs/controlled-augmentation2-mac-m4-aug05/smoke/cifar100_coarse/runs/cifar100_coarse__unit_interval__all_raw__seed-42/manifest.json,26287,aab035b9bbc2ae399cc152db13783a1a9f9b0d99944999dafdd63be9d172fd43
outputs/controlled-augmentation2-mac-m4-aug05/smoke/cifar100_coarse/runs/cifar100_coarse__unit_interval__all_raw__seed-42/telemetry/environment.json,1782,45135cc4c2acec9c3e74336a0cebec20fccc334ae07ab9a56aeb3e793a963d52
outputs/controlled-augmentation2-mac-m4-aug05/smoke/cifar100_coarse/runs/cifar100_coarse__unit_interval__all_raw__seed-42/checkpoints/epoch_metrics.csv,2936,69979cc1d97d34db47ba41de7bde5cf69373b7c132eb97d6374f67ff991b0791
outputs/controlled-augmentation2-mac-m4-aug05/smoke/cifar100_coarse/runs/cifar100_coarse__unit_interval__all_raw__seed-42/telemetry/samples.csv,17003,8ad517410c146e9a7fb0bc5f25cd12e49b558ae9fb3652e4e2472e3d6f66e856
outputs/controlled-augmentation2-mac-m4-aug05/smoke/cifar100_coarse/runs/cifar100_coarse__unit_interval__all_raw__seed-42/artifacts/test_metrics.json,7745,ab30da407d00fb1cdba9410e9d1adb3caffe3ba65784c0d51bb8009d2500047d
outputs/controlled-augmentation2-mac-m4-aug05/smoke/cifar100_coarse/runs/cifar100_coarse__unit_interval__all_raw__seed-42/logs/training_summary.json,770,273effcfad308a9de2aac3a682ee2f16faf36e846ef4a1cbcb10cb667a51c0cd
outputs/controlled-augmentation2-mac-m4-aug05/smoke/cifar100_coarse/runs/cifar100_coarse__unit_interval__all_raw__seed-42/telemetry/summary.json,5125,4f327072388e9769a4e8216203ef3782d19896c9f22fce28aa0990ddad973455
outputs/controlled-augmentation2-mac-m4-aug05/smoke/emnist_balanced/runs/emnist_balanced__unit_interval__all_raw__seed-42/status.json,278,7b39c02c650b5fb3595035f42bc7f2e73afff625980db1a89a8a8c3328048390
outputs/controlled-augmentation2-mac-m4-aug05/smoke/emnist_balanced/runs/emnist_balanced__unit_interval__all_raw__seed-42/manifest.json,57397,d5b6b088a1471628584a9da8ff6a4f0def15ecfd7441a2721915d28d370f9f02
outputs/controlled-augmentation2-mac-m4-aug05/smoke/emnist_balanced/runs/emnist_balanced__unit_interval__all_raw__seed-42/telemetry/environment.json,1782,5ecb4d454b13b9042f3a7b781a6d48bf8a1b00d3f2868bc5115a69c49c196fd5
outputs/controlled-augmentation2-mac-m4-aug05/smoke/emnist_balanced/runs/emnist_balanced__unit_interval__all_raw__seed-42/checkpoints/epoch_metrics.csv,5896,ae22e1c3ca1493d3b80ef2b48fe9a5e73d31b8dbd8fcf65001b624477abb9f30
outputs/controlled-augmentation2-mac-m4-aug05/smoke/emnist_balanced/runs/emnist_balanced__unit_interval__all_raw__seed-42/telemetry/samples.csv,19351,ee2bc11bbe87f903ca71fb3555eef7372bc4ad7f9dfdb903698599acf2f412e9
outputs/controlled-augmentation2-mac-m4-aug05/smoke/emnist_balanced/runs/emnist_balanced__unit_interval__all_raw__seed-42/artifacts/test_metrics.json,31803,4bb1f6209026d9b9ebb9ba230b64dd868bf47f8b2cf1c49a72df8d5a6bb8b539
outputs/controlled-augmentation2-mac-m4-aug05/smoke/emnist_balanced/runs/emnist_balanced__unit_interval__all_raw__seed-42/logs/training_summary.json,766,47187da18fdd463010114dfd183132a889f694e99f4d82f66c529d2bcf037b99
outputs/controlled-augmentation2-mac-m4-aug05/smoke/emnist_balanced/runs/emnist_balanced__unit_interval__all_raw__seed-42/telemetry/summary.json,5204,59b223fdd4fefada11b61da83c5ba78febdb83e47e111dcd2d30a48b5ab66638
outputs/controlled-augmentation2-mac-m4-aug05/smoke/fashion_mnist/runs/fashion_mnist__unit_interval__all_raw__seed-42/status.json,276,d37da6a2853807d470567c553ca9b8e841ffa42286126c19c219ed9ca6126152
outputs/controlled-augmentation2-mac-m4-aug05/smoke/fashion_mnist/runs/fashion_mnist__unit_interval__all_raw__seed-42/manifest.json,18511,b06022482adc3bbfb93fd8421174c214d9489d04b5a2383038e99c5396d290e3
outputs/controlled-augmentation2-mac-m4-aug05/smoke/fashion_mnist/runs/fashion_mnist__unit_interval__all_raw__seed-42/telemetry/environment.json,1782,d22d19e07036a4841da9172616c3a467e36ad09fdb5032b3ec4b96cec7b73af6
outputs/controlled-augmentation2-mac-m4-aug05/smoke/fashion_mnist/runs/fashion_mnist__unit_interval__all_raw__seed-42/checkpoints/epoch_metrics.csv,1765,5928dbc90bea037def95bec8bd694c8ee4697c620cf9a30344351f98a75d9ac8
outputs/controlled-augmentation2-mac-m4-aug05/smoke/fashion_mnist/runs/fashion_mnist__unit_interval__all_raw__seed-42/telemetry/samples.csv,15498,a226bb5f360bf3e3f06f32af95e28b338485b39027bdc089023df8fc4d06ca00
outputs/controlled-augmentation2-mac-m4-aug05/smoke/fashion_mnist/runs/fashion_mnist__unit_interval__all_raw__seed-42/artifacts/test_metrics.json,3011,e8d3899a4f843a1ac949cd3326032e452bb31a607f9b96fc2456772a8e743a81
outputs/controlled-augmentation2-mac-m4-aug05/smoke/fashion_mnist/runs/fashion_mnist__unit_interval__all_raw__seed-42/logs/training_summary.json,764,7fd4b7f5bbb4abffa2b9b3f83f6c187a1cc58bd4967bf7a75edfc544e18670d5
outputs/controlled-augmentation2-mac-m4-aug05/smoke/fashion_mnist/runs/fashion_mnist__unit_interval__all_raw__seed-42/telemetry/summary.json,5098,14f82e152d21a2645f06e4ee7cf4a408b3d2c8241b9818f60de3980c2964d2a0
outputs/controlled-augmentation2-mac-m4-aug05/smoke/fer2013/runs/fer2013__unit_interval__all_raw__seed-42/status.json,270,57710c6162bba9c35e452d5f41d48230d4a4fd907366a12c17d050a446ba1042
outputs/controlled-augmentation2-mac-m4-aug05/smoke/fer2013/runs/fer2013__unit_interval__all_raw__seed-42/manifest.json,17197,ae1f3671abe255d37de3753c7df23a05440d7fdf55c0ff0f14e53a1dd0807ae2
outputs/controlled-augmentation2-mac-m4-aug05/smoke/fer2013/runs/fer2013__unit_interval__all_raw__seed-42/telemetry/environment.json,1782,59b8592622a8d7077b652ba1d876f6360af3c753233db92a8f13237b3ce56196
outputs/controlled-augmentation2-mac-m4-aug05/smoke/fer2013/runs/fer2013__unit_interval__all_raw__seed-42/checkpoints/epoch_metrics.csv,1440,f72e9e21fbd4fb6de6cbfa4accfb4bc3b1bd3dbf2f92f51af61521adcd04ec90
outputs/controlled-augmentation2-mac-m4-aug05/smoke/fer2013/runs/fer2013__unit_interval__all_raw__seed-42/telemetry/samples.csv,15352,835ea3cb0dd1aafe8d5ad9c56a7f10f13fa58a0d4cae69de0c9ffbbb762f7d04
outputs/controlled-augmentation2-mac-m4-aug05/smoke/fer2013/runs/fer2013__unit_interval__all_raw__seed-42/artifacts/test_metrics.json,2008,844b43a7fdabfda81e85acbb52da010e7c58081097c051eb5b5ee9f3b6c560e2
outputs/controlled-augmentation2-mac-m4-aug05/smoke/fer2013/runs/fer2013__unit_interval__all_raw__seed-42/logs/training_summary.json,752,5fc292d21cd365f950a820aa54caa1d787a0ef6bc1103c17b91fe1ccc27a8b49
outputs/controlled-augmentation2-mac-m4-aug05/smoke/fer2013/runs/fer2013__unit_interval__all_raw__seed-42/telemetry/summary.json,5160,1ca5da508bb09a441fb8782b1285041231793acb86b4ba111fbb251c1bc7d580
outputs/controlled-augmentation2-mac-m4-aug05/smoke/gtsrb/runs/gtsrb__unit_interval__all_raw__seed-42/status.json,268,b572ad8f38519e333e424da70a74fd29cded84bc4820ac010951e925a77b3694
outputs/controlled-augmentation2-mac-m4-aug05/smoke/gtsrb/runs/gtsrb__unit_interval__all_raw__seed-42/manifest.json,51239,452948ec0acfe25d7608386fe11d01887b0aedab96ea2d87a76488fdc5e1378b
outputs/controlled-augmentation2-mac-m4-aug05/smoke/gtsrb/runs/gtsrb__unit_interval__all_raw__seed-42/telemetry/environment.json,1782,6e262e2eb8be24f3fefa46fbd137d2a12f74c30572e5db5312d4b851e195c2e4
outputs/controlled-augmentation2-mac-m4-aug05/smoke/gtsrb/runs/gtsrb__unit_interval__all_raw__seed-42/checkpoints/epoch_metrics.csv,5508,dcd31ca32a6017e5f53a5f1d0742574522de48a90a69fb149cc1497607dbc6aa
outputs/controlled-augmentation2-mac-m4-aug05/smoke/gtsrb/runs/gtsrb__unit_interval__all_raw__seed-42/telemetry/samples.csv,20134,c1e4bb55f5bdbd0d16d73e0ee6577ed98437326747f7c977bbca4d38f4a9f221
outputs/controlled-augmentation2-mac-m4-aug05/smoke/gtsrb/runs/gtsrb__unit_interval__all_raw__seed-42/artifacts/test_metrics.json,27183,b0840e001dec23da34c5fd0d7f83825f3f79e5d8a89087dea35e897e13e19b9a
outputs/controlled-augmentation2-mac-m4-aug05/smoke/gtsrb/runs/gtsrb__unit_interval__all_raw__seed-42/logs/training_summary.json,749,6c507d441917346ecc0d86d4728a22d6575fdb2fde205330f76ac7ed825342e0
outputs/controlled-augmentation2-mac-m4-aug05/smoke/gtsrb/runs/gtsrb__unit_interval__all_raw__seed-42/telemetry/summary.json,5145,0f736b9c12c8eafdd8c9e6a6f7ddb5a28ccb68422091eb94a46ce1ab4aa5d879
outputs/controlled-augmentation2-mac-m4-aug05/smoke/kmnist/runs/kmnist__unit_interval__all_raw__seed-42/status.json,269,5f40430dd878dc2b0f81f47f7729f6049f59db83512867c63c0a2e5c95ffec1c
outputs/controlled-augmentation2-mac-m4-aug05/smoke/kmnist/runs/kmnist__unit_interval__all_raw__seed-42/manifest.json,18349,907ebc3ab5327a8df1fa5cd8b2491136802e3e46139d2c9bfd93e371cd3e4d29
outputs/controlled-augmentation2-mac-m4-aug05/smoke/kmnist/runs/kmnist__unit_interval__all_raw__seed-42/telemetry/environment.json,1782,82c190ad55298a39cb4830d89ac0fd23612042845c5a1f8941e57cd7a4a6fd14
outputs/controlled-augmentation2-mac-m4-aug05/smoke/kmnist/runs/kmnist__unit_interval__all_raw__seed-42/checkpoints/epoch_metrics.csv,1702,85cc30871035bf41ecc01ac610be5aad7d6242b2a4303d2a7e7c9069d788b2c6
outputs/controlled-augmentation2-mac-m4-aug05/smoke/kmnist/runs/kmnist__unit_interval__all_raw__seed-42/telemetry/samples.csv,15497,47241ff0d8a5ee1a2f501a7275896f2903c85c1ad859b712eeb05ce02d596f52
outputs/controlled-augmentation2-mac-m4-aug05/smoke/kmnist/runs/kmnist__unit_interval__all_raw__seed-42/artifacts/test_metrics.json,2919,4bc74bc04d838315fdaf5b05c97cffb2d48ddb7d31c28d36b86cd0412deba0e7
outputs/controlled-augmentation2-mac-m4-aug05/smoke/kmnist/runs/kmnist__unit_interval__all_raw__seed-42/logs/training_summary.json,750,c1421fcbc821f4395633671cdeed9a6d8b6110dc443f1ca5c6320cdae1336042
outputs/controlled-augmentation2-mac-m4-aug05/smoke/kmnist/runs/kmnist__unit_interval__all_raw__seed-42/telemetry/summary.json,5223,9738d89ee56a498c66ee586293d16488ea2d6090c78efb4f48dce3f2d36ee813
outputs/controlled-augmentation2-mac-m4-aug05/smoke/mnist/runs/mnist__unit_interval__all_raw__seed-42/status.json,268,e2dd008a4335f4c3afce39628520c56bb66424a9f68513dad3f692c3e50343a5
outputs/controlled-augmentation2-mac-m4-aug05/smoke/mnist/runs/mnist__unit_interval__all_raw__seed-42/manifest.json,18477,814b269797cda5fdd57e2a747ba88e9142efa3f7e2509ddadf04afcf6a7bb523
outputs/controlled-augmentation2-mac-m4-aug05/smoke/mnist/runs/mnist__unit_interval__all_raw__seed-42/telemetry/environment.json,1785,fc53a3874077200f88568532cba8d26f8d8a5184000d078fe51c2f26b195cab3
outputs/controlled-augmentation2-mac-m4-aug05/smoke/mnist/runs/mnist__unit_interval__all_raw__seed-42/checkpoints/epoch_metrics.csv,1803,c6556fd290c45533bfbef1e2d42b022331481f7ea1d240f6e59542ebf55bd1ba
outputs/controlled-augmentation2-mac-m4-aug05/smoke/mnist/runs/mnist__unit_interval__all_raw__seed-42/telemetry/samples.csv,15490,7c0c499d62195baa1187addec96acd20ce42a887316b234fcf8d007c9209c09c
outputs/controlled-augmentation2-mac-m4-aug05/smoke/mnist/runs/mnist__unit_interval__all_raw__seed-42/artifacts/test_metrics.json,3008,d0ce1f9a8c05cfe2fa43d20637f34d351512fff8e6b82655b98e5d014d506a2b
outputs/controlled-augmentation2-mac-m4-aug05/smoke/mnist/runs/mnist__unit_interval__all_raw__seed-42/logs/training_summary.json,749,e7ccbcde0321d012115e835437fe64847095fe38dd8e83609523607c1ce157f2
outputs/controlled-augmentation2-mac-m4-aug05/smoke/mnist/runs/mnist__unit_interval__all_raw__seed-42/telemetry/summary.json,5154,bc3e1d7a84cebde69051bf6704dd0fdf7404004739b8005c3c77ca2e36c3b046
outputs/controlled-augmentation2-mac-m4-aug05/smoke/svhn/runs/svhn__unit_interval__all_raw__seed-42/status.json,267,33f38974690c3f24dc5e7b32eec510bd3efff061788bd31d7e9ebbb1d4f755af
outputs/controlled-augmentation2-mac-m4-aug05/smoke/svhn/runs/svhn__unit_interval__all_raw__seed-42/manifest.json,18382,004ac3630aaf381f1cb2fb7fb014a466cb8713abec1deba848a304e759a2d921
outputs/controlled-augmentation2-mac-m4-aug05/smoke/svhn/runs/svhn__unit_interval__all_raw__seed-42/telemetry/environment.json,1782,d9c0389b2cb8d6535950238dd5e0a314385a3ed8e75c9e29d39dbb6c22a15f5c
outputs/controlled-augmentation2-mac-m4-aug05/smoke/svhn/runs/svhn__unit_interval__all_raw__seed-42/checkpoints/epoch_metrics.csv,1767,41fc43b5f67e6207ce71e6797bff7e609d985d12d7aa449029c21a62f2e094bc
outputs/controlled-augmentation2-mac-m4-aug05/smoke/svhn/runs/svhn__unit_interval__all_raw__seed-42/telemetry/samples.csv,15508,f93e714fcac0966ecce06d3eb50592693964a9b653f992c3c960e2452d82ea9e
outputs/controlled-augmentation2-mac-m4-aug05/smoke/svhn/runs/svhn__unit_interval__all_raw__seed-42/artifacts/test_metrics.json,2964,dc8845617907c1bce73c159082eca03c538b54810eb6c3036b80a6900c883993
outputs/controlled-augmentation2-mac-m4-aug05/smoke/svhn/runs/svhn__unit_interval__all_raw__seed-42/logs/training_summary.json,746,b0f819c584382664712984eb9d011c061e4c61a5f81af0453f5a2b05fa5e5ac8
outputs/controlled-augmentation2-mac-m4-aug05/smoke/svhn/runs/svhn__unit_interval__all_raw__seed-42/telemetry/summary.json,5140,1c1a7db174c31a035f54369dd853d881aa93a99d22ed0a5318ba94532b537e61
outputs/controlled-augmentation05-activations-mac2/activations/cifar10/relu/cifar10/summary.json,2079,e219bcdb3700be6650a6c9fa447228da7891c70f69c7b65d42f8b9e97d1648cb
outputs/controlled-augmentation05-activations-mac2/activations/cifar10/sigmoid/cifar10/summary.json,2075,68fff2ece0dc76c2058215f22ccdf0c9f18dcb57500b2224c176317ef7300cc4
outputs/controlled-augmentation05-activations-mac2/activations/cifar10/softmax/cifar10/summary.json,2049,854cd3431b5ca2d15dceaad4d913ed9f7d588e80e53df6c2bd3d9dd2c0ce571f
outputs/controlled-augmentation05-activations-mac2/activations/cifar100_coarse/relu/cifar100_coarse/summary.json,2503,81aa2865f1fb32476f8ee31450831eb5eb78f9af2a65d12b7718d4039df9fcd4
outputs/controlled-augmentation05-activations-mac2/activations/cifar100_coarse/sigmoid/cifar100_coarse/summary.json,2504,0e8a9a3f5d4346c60999a7150b45e3e4548de3b7d4671fdb647405e706c31d20
outputs/controlled-augmentation05-activations-mac2/activations/cifar100_coarse/softmax/cifar100_coarse/summary.json,2478,bcf234a429274fd4255d95773ecc5d2e5213e40da429a2aa7a2571c44d83452e
outputs/controlled-augmentation05-activations-mac2/activations/emnist_balanced/relu/emnist_balanced/summary.json,3583,e1a4948f0feb861b8b17e24d2ee109fed791f8673dd97799787a90b592050472
outputs/controlled-augmentation05-activations-mac2/activations/emnist_balanced/sigmoid/emnist_balanced/summary.json,3582,0387a8187d18634c23dad3f48534d1e0ad65758a6fc578378dbe03c78858fe5b
outputs/controlled-augmentation05-activations-mac2/activations/emnist_balanced/softmax/emnist_balanced/summary.json,3590,dfaebd4965319fff166818ef47a38a96a34bdce06ae4e2b5ab7386d39ecfd27a
outputs/controlled-augmentation05-activations-mac2/activations/fashion_mnist/relu/fashion_mnist/summary.json,2098,9404529bb1cd42fcec4a8b64ef6826b7a23b609fa2c1cffc6f0e2a9116f26fba
outputs/controlled-augmentation05-activations-mac2/activations/fashion_mnist/sigmoid/fashion_mnist/summary.json,2099,9a30c11716a7e8a517b1f447d067763faffa04c4c80d029d6557c6621177729b
outputs/controlled-augmentation05-activations-mac2/activations/fashion_mnist/softmax/fashion_mnist/summary.json,2070,438abedde77a98d7403404a41a6a4f15cc650b4e0341f5985ab061cc61f34122
outputs/controlled-augmentation05-activations-mac2/activations/kmnist/relu/kmnist/summary.json,2079,a34b0b1f33fdd8b59c3b48cd7ff55fff11b6c226ea32e04592351f0336d2299e
outputs/controlled-augmentation05-activations-mac2/activations/kmnist/sigmoid/kmnist/summary.json,2075,0fe83c2da2d4e240434f136865565756a4ddf9fe567cb950490fe736568860b9
outputs/controlled-augmentation05-activations-mac2/activations/kmnist/softmax/kmnist/summary.json,2047,3666acd2b7aeea502f1d4b08fc063f1aabf7083a776db5a1562e2a97196f705f
outputs/controlled-augmentation05-activations-mac2/activations/mnist/relu/mnist/summary.json,2075,06def51bfc98ce2bed4d6bb16b2ace4b73f5d394b29bc105e22953bc57028280
outputs/controlled-augmentation05-activations-mac2/activations/mnist/sigmoid/mnist/summary.json,2073,228371d5fa4cf1f8e5364ee77aa8b6147d0f83f74ba8757f3ae50ac17bb8b5af
outputs/controlled-augmentation05-activations-mac2/activations/mnist/softmax/mnist/summary.json,2063,8783ab2e71026f5850a97d8af38a3621b33925db596bb83aecd89ea5e573408b
analysis_reports/activation_quantization_2026-09-30/data/runs.csv,45189,5ba17c2a21241f2b2a381555819f81cee89b92f18d696c378efb5d0a705f9e7d
analysis_reports/activation_quantization_2026-09-30/data/epoch_history.csv,1137472,4afa5963c8207736e1b3481fd485d28e71e67b71488c48bd27ccc4aa83398520
analysis_reports/activation_quantization_2026-09-30/data/per_class_metrics.csv,143032,94d36fba5ed3cfd45a1397280860e98ff2be2585d6f177ef75feee689176e562
analysis_reports/activation_quantization_2026-09-30/data/snapshot_manifest.json,673,fda1ba5f3041f24487173f78beb67c25da84d2b4e487a10a002f6ac082608d99
docs/augmentation05_final/data/resumo_augmentation05.json,1579,0d5efa81bef0e25c44000c132c34b5cbdf573b16cd1f57dfd8b5c18e9130928b
src/tcc_benchmark/model.py,8531,af45353fb01d1c2a395e41822a3899570d0d3c37b718ad49d4aa41cadbb58b44
configs/controlled-augmentation2-mac-m4-aug05.yaml,1115,6833f1b9538443585e139660462cad8a02aa75f48f0a05182b77929ce06b98c1
configs/controlled-augmentation05-mac-m4.yaml,1031,724065cfabe875f1c5ea2b9477c32552d5b41c775457ce1cb172717ef6be03c3
configs/controlled-quantization-fast-mac-m4.yaml,1207,262a6dec3faeb2c5f5b67e52278c5ac305e5176b34874aa3d62549428d4094ce
configs/controlled-augmentation2-mac-m4.yaml,1110,14142f37a4faef4d9d32cfe073eba4b665aecc5061d85145035e841f797e31a3
