batch_size,telemetry_samples,telemetry_epoch_end_count,telemetry_coverage_rate,gpu_util_mean_percent,gpu_util_p95_percent,gpu_util_max_percent,gpu_memory_mean_gib,gpu_memory_p95_gib,gpu_memory_max_gib,gpu_temperature_mean_c,gpu_temperature_max_c,ram_mean_percent,ram_max_percent,ram_used_max_gib,process_rss_mean_gib,process_rss_max_gib,cpu_mean_percent,process_cpu_mean_percent,output_disk_free_min_gib
16,2414,49,0.98,33.722866611433304,44.0,86.0,4.364408873879623,4.974185943603516,5.008918762207031,44.29453189726595,57.0,21.630157415078706,23.1,3.5791053771972656,3.4239723866106364,3.6459579467773438,10.710273405136702,130.96884838442418,161.58876419067383
32,1670,50,1.0,27.595209580838322,41.0,94.0,4.090506684994269,4.139614105224609,4.144741058349609,42.55808383233533,49.0,22.38568862275449,23.9,3.6923904418945312,3.5485168571243744,3.7776451110839844,11.223712574850298,137.45814371257487,161.5604591369629
48,109,4,0.08,31.027522935779817,45.599999999999994,58.0,2.106149340988299,2.3144287109375,2.5236358642578125,45.357798165137616,52.0,17.21926605504587,20.4,3.158763885498047,2.764647037611095,3.270721435546875,11.636697247706422,143.751376146789,193.16658782958984
64,893,41,0.82,28.516237402015676,42.0,98.0,2.6809449062368773,2.726520538330078,2.919513702392578,42.56662933930571,50.0,21.566741321388577,23.7,3.6707611083984375,3.4377381131470135,3.763885498046875,12.288465845464726,158.34400895856663,193.15613174438477
80,985,50,1.0,22.72791878172589,40.0,98.0,2.6190488398982787,2.6274795532226562,2.8292617797851562,42.665989847715736,49.0,21.305177664974618,22.2,3.4428672790527344,3.391459028369884,3.5381927490234375,12.431878172588831,160.78944162436548,193.14300918579102
96,926,50,1.0,21.257019438444924,41.75,98.0,2.742514373416777,2.7527542114257812,2.7619705200195312,42.470842332613394,50.0,22.054211663066955,23.7,3.6627273559570312,3.5045422045252494,3.7556190490722656,12.627645788336935,162.77365010799136,193.12945175170898
112,839,50,1.0,18.581644815256258,43.0,69.0,2.753726272673942,2.7739944458007812,2.7888870239257812,42.19427890345649,50.0,22.813825983313468,24.1,3.72857666015625,3.6246937921135305,3.8236236572265625,12.923718712753278,166.64779499404054,193.115478515625
128,835,50,1.0,18.49820359281437,41.0,92.0,2.7623556262718703,2.7739944458007812,2.7760963439941406,42.55568862275449,50.0,22.551616766467063,24.0,3.7151107788085938,3.585554984087002,3.812103271484375,12.900359281437124,165.97748502994014,193.10198974609375
144,782,50,1.0,18.308184143222505,43.0,98.0,2.7623554824868126,2.7728919982910156,2.7745399475097656,41.62404092071611,54.0,21.194884910485936,22.3,3.459209442138672,3.373570830011002,3.554668426513672,13.002813299232738,166.72659846547313,193.08855819702148
160,793,50,1.0,18.852459016393443,40.0,72.0,2.764212816389933,2.776355743408203,2.7834205627441406,40.944514501891554,48.0,21.349432534678435,22.4,3.4637413024902344,3.3979502674309634,3.562225341796875,12.851197982345523,165.34489281210594,193.07509994506836
176,769,50,1.0,19.22886866059818,43.0,97.0,2.770921441761508,2.784748077392578,2.799640655517578,41.15474642392718,48.0,21.75786736020806,22.8,3.531299591064453,3.458997376718509,3.624256134033203,12.87217165149545,166.22730819245774,193.06167221069336
192,710,50,1.0,19.56338028169014,50.0,98.0,2.7693565691021127,2.780109405517578,2.786579132080078,40.86619718309859,49.0,22.379718309859154,24.6,3.8008460998535156,3.5534358870815224,3.891338348388672,12.904647887323943,168.30239436619718,193.04827880859375
208,700,50,1.0,23.661428571428573,53.0,98.0,3.363406889779227,3.5416095733642576,3.6493606567382812,43.027142857142856,52.0,21.62242857142857,23.6,3.6528549194335938,3.438673902239118,3.749309539794922,13.05342857142857,170.47885714285715,193.0349006652832
224,147,7,0.14,36.925170068027214,54.0,60.0,4.613781234845012,5.33929214477539,5.364521026611328,47.006802721088434,56.0,17.706802721088437,20.9,3.2281341552734375,2.8402957786508156,3.339801788330078,11.985714285714286,154.2721088435374,193.02148056030273
240,915,50,1.0,36.49180327868852,57.0,74.0,4.70676564701268,4.880439758300781,5.188915252685547,47.74098360655738,56.0,21.128524590163934,22.9,3.550079345703125,3.375911591743511,3.6542701721191406,12.48360655737705,161.72754098360656,193.00793838500977
256,752,50,1.0,33.72074468085106,57.0,100.0,4.343700485026583,4.476615905761719,4.505523681640625,45.683510638297875,54.0,22.43843085106383,23.5,3.635692596435547,3.580398326224469,3.7489662170410156,12.844148936170212,165.75438829787234,192.99402618408203
272,881,50,1.0,33.65266742338252,52.0,82.0,4.327708457574401,4.435047149658203,4.577060699462891,45.91373439273553,54.0,21.548240635641317,22.7,3.5095481872558594,3.4453904826308217,3.626026153564453,12.4577752553916,168.53984108967083,192.98051071166992
288,814,50,1.0,27.93243243243243,51.0,100.0,4.294852779304073,4.461376953125,4.514556884765625,44.304668304668304,53.0,21.835380835380835,23.2,3.587322235107422,3.4894530181509857,3.699573516845703,12.696805896805898,167.35921375921376,192.96704864501953
304,749,50,1.0,20.102803738317757,55.0,81.0,4.171403907806437,4.1971290588378904,4.211673736572266,42.32042723631508,51.0,22.090921228304403,23.9,3.704784393310547,3.5285797577515465,3.816387176513672,13.01214953271028,168.6493991989319,192.95448303222656
320,760,50,1.0,23.067105263157895,54.0,100.0,4.171295241305702,4.194651031494141,4.210330963134766,43.01842105263158,53.0,21.01486842105263,23.0,3.5592994689941406,3.3616776616949786,3.6738662719726562,12.86157894736842,168.7955263157895,192.94803619384766
336,697,50,1.0,24.04447632711621,57.0,82.0,3.7887345181305063,4.187320709228516,4.203861236572266,43.505021520803446,53.0,20.631563845050216,21.7,3.3611602783203125,3.302191921765014,3.4774398803710938,12.997704447632712,170.51664275466285,192.93466567993164
352,692,50,1.0,19.92630057803468,54.0,100.0,4.032817851601308,4.184917449951172,4.186321258544922,42.471098265895954,51.0,22.409537572254333,24.0,3.7189254760742188,3.575051313190791,3.8284683227539062,13.028612716763005,171.26806358381504,192.92127227783203
368,676,50,1.0,26.763313609467456,61.0,86.0,4.133021055593998,4.189174652099609,4.195888519287109,43.57988165680474,53.0,21.53298816568047,22.5,3.4875450134277344,3.442408945433487,3.5999412536621094,13.048224852071007,171.4258875739645,192.90790176391602
384,699,50,1.0,25.337625178826894,57.0,100.0,4.162601934823185,4.2507171630859375,4.275505065917969,43.52360515021459,53.0,22.443204577968526,25.0,3.8617210388183594,3.5769279982057935,3.963397979736328,12.987553648068669,170.39442060085835,192.89452743530273
400,701,50,1.0,22.911554921540656,57.0,100.0,4.11724012214345,4.1442413330078125,4.1515655517578125,42.940085592011414,52.0,22.27275320970043,23.3,3.60150146484375,3.54513188469597,3.702686309814453,12.918402282453636,169.79201141226818,192.88115310668945
416,663,50,1.0,21.283559577677224,62.89999999999998,100.0,3.6453112951770628,3.6599273681640625,3.6666603088378906,42.3499245852187,52.0,21.80889894419306,23.2,3.5886497497558594,3.4790066219922466,3.696033477783203,13.078280542986425,171.58325791855202,192.8678092956543
432,659,50,1.0,21.31866464339909,65.0,100.0,4.14001065429317,4.1599273681640625,4.1731109619140625,42.03338391502276,51.0,23.082397572078907,24.3,3.7548255920410156,3.6740526885291693,3.8566818237304688,13.08588770864947,170.72230652503794,192.85446548461914
448,681,50,1.0,19.375917767988252,59.0,100.0,3.9526848814035827,4.1590118408203125,4.1692047119140625,42.12334801762115,51.0,22.232305433186493,24.4,3.771209716796875,3.543907260754735,3.8758010864257812,13.048898678414096,170.78795888399412,192.8410987854004
464,671,50,1.0,20.15946348733234,58.5,100.0,4.139629369698764,4.1590118408203125,4.1725311279296875,41.89716840536513,51.0,21.562891207153502,23.4,3.6283950805664062,3.4380235345104233,3.726470947265625,13.064679582712369,171.38733233979136,192.8277359008789
480,665,50,1.0,19.81954887218045,61.0,100.0,4.131931150049195,4.1566619873046875,4.1668548583984375,41.70827067669173,51.0,21.834736842105265,22.7,3.5174293518066406,3.4753659413273175,3.6102294921875,13.12796992481203,170.23097744360902,192.8143768310547
496,673,50,1.0,20.227340267459137,60.39999999999998,99.0,4.124843591743911,4.1426544189453125,4.1577301025390625,41.551263001485886,51.0,21.773997028231797,22.7,3.5146713256835938,3.460129226299133,3.6042709350585938,13.085141158989599,171.7450222882615,192.80102157592773
512,676,50,1.0,19.92751479289941,58.0,66.0,4.125223757952628,4.1433258056640625,4.1538238525390625,41.514792899408285,50.0,21.415236686390532,22.5,3.4855613708496094,3.406529714369915,3.581439971923828,13.057544378698225,170.98062130177513,192.78766250610352
