batch_size,run_id,status,epochs_completed,best_epoch,best_val_macro_f1,final_val_macro_f1,final_val_accuracy,final_train_accuracy,final_train_loss,test_accuracy,test_balanced_accuracy,test_macro_f1,test_loss,test_samples,training_seconds_recorded,training_seconds_summary,mean_epoch_seconds_recorded,timed_epoch_count,timing_coverage_rate,timing_comparable,weighted_examples_per_second,mean_train_examples_per_second_summary,median_train_examples_per_second_summary,evaluation_seconds,fit_seconds_current_attempt,wall_seconds_current_attempt,source_samples,train_examples,validation_examples,test_examples,split_fingerprint,source_fingerprint,config_signature,tensorflow_version,gpu_name
16,kmnist__unit_interval__all_raw__seed-42,completed,50,42,0.9857973956426792,0.9828608925027584,0.9828571677207948,0.9969592094421388,0.0124814053997397,0.9848571428571429,0.9848571428571431,0.9848545611798126,0.09108402580022812,10500,9339.067793242004,9128.275393056005,186.78135586484007,50,1.0,Sim,262.3388173467254,267.09194813839366,277.0239063976816,65.77866130399889,11921.102875594,11994.197485429,70000,49000,10500,10500,161c642197f73a5c2a9888f8f889988f3853ec4a3aa1a4101c2c1fe0d3478f81,8928d478d8d23938a73b4f4a92c407bf3d74beff1e0e67e3644d6ecdc30cf828,"{""adapter"":""kmnist"",""balance_mode"":""all_raw"",""dataset"":""kmnist"",""native_channels"":1,""normalization"":""unit_interval"",""num_classes"":10,""seed"":42,""target_size"":64,""test_fraction"":0.15,""train_fraction"":0.7,""training"":{""augmentation"":{""brightness_delta"":0.0,""contrast_lower"":1.0,""contrast_upper"":1.0,""cutout_max_frac"":0.0,""cutout_prob"":0.0,""flip_lr"":false,""noise_std"":0.0,""translate_frac"":0.0,""zoom_max"":1.0,""zoom_min"":1.0},""default_image_size"":64,""dtype_policy"":""mixed_float16"",""early_stopping_patience"":50,""extra_fraction"":0.0,""image_size_overrides"":{""gtsrb"":128},""keras_verbose"":1,""learning_rate"":0.0003,""max_epochs"":50,""preprocess_cache_max_mib"":0,""reduce_lr_factor"":0.3,""reduce_lr_min_lr"":1e-07,""reduce_lr_patience"":50,""shuffle_buffer_max_mib"":0},""validation_fraction"":0.15}",2.21.0,NVIDIA GeForce RTX 3050
32,kmnist__unit_interval__all_raw__seed-42,completed,50,50,0.9854343782089898,0.9854343782089898,0.9854285717010498,0.9971020221710204,0.0102624110877513,0.9843809523809524,0.9843809523809524,0.9843853176679179,0.08111200481653214,10500,6692.640527357005,6692.640527357005,133.8528105471401,50,1.0,Sim,366.07374772114514,366.17701986959196,367.10943528146737,44.86209367799893,8136.230829798,8185.863615581999,70000,49000,10500,10500,161c642197f73a5c2a9888f8f889988f3853ec4a3aa1a4101c2c1fe0d3478f81,8928d478d8d23938a73b4f4a92c407bf3d74beff1e0e67e3644d6ecdc30cf828,"{""adapter"":""kmnist"",""balance_mode"":""all_raw"",""dataset"":""kmnist"",""native_channels"":1,""normalization"":""unit_interval"",""num_classes"":10,""seed"":42,""target_size"":64,""test_fraction"":0.15,""train_fraction"":0.7,""training"":{""augmentation"":{""brightness_delta"":0.0,""contrast_lower"":1.0,""contrast_upper"":1.0,""cutout_max_frac"":0.0,""cutout_prob"":0.0,""flip_lr"":false,""noise_std"":0.0,""translate_frac"":0.0,""zoom_max"":1.0,""zoom_min"":1.0},""default_image_size"":64,""dtype_policy"":""mixed_float16"",""early_stopping_patience"":50,""extra_fraction"":0.0,""image_size_overrides"":{""gtsrb"":128},""keras_verbose"":1,""learning_rate"":0.0003,""max_epochs"":50,""preprocess_cache_max_mib"":0,""reduce_lr_factor"":0.3,""reduce_lr_min_lr"":1e-07,""reduce_lr_patience"":50,""shuffle_buffer_max_mib"":0},""validation_fraction"":0.15}",2.21.0,NVIDIA GeForce RTX 3050
48,kmnist__unit_interval__all_raw__seed-42,completed,50,47,0.9829611182829648,0.9828606993630532,0.9828571677207948,0.9967346787452698,0.0106545547023415,0.9834285714285714,0.9834285714285714,0.9834460525930384,0.0980915054678917,10500,4794.671927897019,372.50912111700006,95.89343855794037,50,1.0,Sim,510.9838664341294,527.5745930238944,531.7098900400667,30.38948063700002,461.597386323,495.75309560999995,70000,49000,10500,10500,161c642197f73a5c2a9888f8f889988f3853ec4a3aa1a4101c2c1fe0d3478f81,8928d478d8d23938a73b4f4a92c407bf3d74beff1e0e67e3644d6ecdc30cf828,"{""adapter"":""kmnist"",""balance_mode"":""all_raw"",""dataset"":""kmnist"",""native_channels"":1,""normalization"":""unit_interval"",""num_classes"":10,""seed"":42,""target_size"":64,""test_fraction"":0.15,""train_fraction"":0.7,""training"":{""augmentation"":{""brightness_delta"":0.0,""contrast_lower"":1.0,""contrast_upper"":1.0,""cutout_max_frac"":0.0,""cutout_prob"":0.0,""flip_lr"":false,""noise_std"":0.0,""translate_frac"":0.0,""zoom_max"":1.0,""zoom_min"":1.0},""default_image_size"":64,""dtype_policy"":""mixed_float16"",""early_stopping_patience"":50,""extra_fraction"":0.0,""image_size_overrides"":{""gtsrb"":128},""keras_verbose"":1,""learning_rate"":0.0003,""max_epochs"":50,""preprocess_cache_max_mib"":0,""reduce_lr_factor"":0.3,""reduce_lr_min_lr"":1e-07,""reduce_lr_patience"":50,""shuffle_buffer_max_mib"":0},""validation_fraction"":0.15}",2.21.0,NVIDIA GeForce RTX 3050
64,kmnist__unit_interval__all_raw__seed-42,completed,50,44,0.9838927633284816,0.981043656604244,0.9810476303100586,0.997204065322876,0.0092782918363809,0.9812380952380952,0.9812380952380954,0.9812333478392794,0.08436797559261322,10500,4357.781383969001,3536.3268029380006,87.15562767938002,50,1.0,Sim,562.2126913049909,568.6163260188692,571.2877295761174,29.192905009999777,4248.3781104340005,4281.739390835,70000,49000,10500,10500,161c642197f73a5c2a9888f8f889988f3853ec4a3aa1a4101c2c1fe0d3478f81,8928d478d8d23938a73b4f4a92c407bf3d74beff1e0e67e3644d6ecdc30cf828,"{""adapter"":""kmnist"",""balance_mode"":""all_raw"",""dataset"":""kmnist"",""native_channels"":1,""normalization"":""unit_interval"",""num_classes"":10,""seed"":42,""target_size"":64,""test_fraction"":0.15,""train_fraction"":0.7,""training"":{""augmentation"":{""brightness_delta"":0.0,""contrast_lower"":1.0,""contrast_upper"":1.0,""cutout_max_frac"":0.0,""cutout_prob"":0.0,""flip_lr"":false,""noise_std"":0.0,""translate_frac"":0.0,""zoom_max"":1.0,""zoom_min"":1.0},""default_image_size"":64,""dtype_policy"":""mixed_float16"",""early_stopping_patience"":50,""extra_fraction"":0.0,""image_size_overrides"":{""gtsrb"":128},""keras_verbose"":1,""learning_rate"":0.0003,""max_epochs"":50,""preprocess_cache_max_mib"":0,""reduce_lr_factor"":0.3,""reduce_lr_min_lr"":1e-07,""reduce_lr_patience"":50,""shuffle_buffer_max_mib"":0},""validation_fraction"":0.15}",2.21.0,NVIDIA GeForce RTX 3050
80,kmnist__unit_interval__all_raw__seed-42,completed,50,37,0.9808737540720764,0.9790384434263504,0.9790475964546204,0.9970816373825072,0.0095595922321081,0.9813333333333333,0.9813333333333334,0.9813428330696805,0.08920817822217941,10500,3908.6473314859986,3908.6473314859986,78.17294662971997,50,1.0,Sim,626.8153128741225,627.2177465654397,629.9514484527002,27.36641211999995,4669.380560255,4701.398770314001,70000,49000,10500,10500,161c642197f73a5c2a9888f8f889988f3853ec4a3aa1a4101c2c1fe0d3478f81,8928d478d8d23938a73b4f4a92c407bf3d74beff1e0e67e3644d6ecdc30cf828,"{""adapter"":""kmnist"",""balance_mode"":""all_raw"",""dataset"":""kmnist"",""native_channels"":1,""normalization"":""unit_interval"",""num_classes"":10,""seed"":42,""target_size"":64,""test_fraction"":0.15,""train_fraction"":0.7,""training"":{""augmentation"":{""brightness_delta"":0.0,""contrast_lower"":1.0,""contrast_upper"":1.0,""cutout_max_frac"":0.0,""cutout_prob"":0.0,""flip_lr"":false,""noise_std"":0.0,""translate_frac"":0.0,""zoom_max"":1.0,""zoom_min"":1.0},""default_image_size"":64,""dtype_policy"":""mixed_float16"",""early_stopping_patience"":50,""extra_fraction"":0.0,""image_size_overrides"":{""gtsrb"":128},""keras_verbose"":1,""learning_rate"":0.0003,""max_epochs"":50,""preprocess_cache_max_mib"":0,""reduce_lr_factor"":0.3,""reduce_lr_min_lr"":1e-07,""reduce_lr_patience"":50,""shuffle_buffer_max_mib"":0},""validation_fraction"":0.15}",2.21.0,NVIDIA GeForce RTX 3050
96,kmnist__unit_interval__all_raw__seed-42,completed,50,43,0.9817089736739104,0.9801952220951988,0.9801904559135436,0.99769389629364,0.0071984338574111,0.9797142857142858,0.9797142857142859,0.9797236840143284,0.11004061996936798,10500,3676.8050327669953,3676.8050327669953,73.53610065533991,50,1.0,Sim,666.3393838308152,666.8019853521789,670.6714569788833,25.986718223000935,4370.654192675,4401.12498545,70000,49000,10500,10500,161c642197f73a5c2a9888f8f889988f3853ec4a3aa1a4101c2c1fe0d3478f81,8928d478d8d23938a73b4f4a92c407bf3d74beff1e0e67e3644d6ecdc30cf828,"{""adapter"":""kmnist"",""balance_mode"":""all_raw"",""dataset"":""kmnist"",""native_channels"":1,""normalization"":""unit_interval"",""num_classes"":10,""seed"":42,""target_size"":64,""test_fraction"":0.15,""train_fraction"":0.7,""training"":{""augmentation"":{""brightness_delta"":0.0,""contrast_lower"":1.0,""contrast_upper"":1.0,""cutout_max_frac"":0.0,""cutout_prob"":0.0,""flip_lr"":false,""noise_std"":0.0,""translate_frac"":0.0,""zoom_max"":1.0,""zoom_min"":1.0},""default_image_size"":64,""dtype_policy"":""mixed_float16"",""early_stopping_patience"":50,""extra_fraction"":0.0,""image_size_overrides"":{""gtsrb"":128},""keras_verbose"":1,""learning_rate"":0.0003,""max_epochs"":50,""preprocess_cache_max_mib"":0,""reduce_lr_factor"":0.3,""reduce_lr_min_lr"":1e-07,""reduce_lr_patience"":50,""shuffle_buffer_max_mib"":0},""validation_fraction"":0.15}",2.21.0,NVIDIA GeForce RTX 3050
112,kmnist__unit_interval__all_raw__seed-42,completed,50,37,0.9798300773253692,0.9772333706356816,0.977238118648529,0.9965510368347168,0.010815167799592,0.98,0.9800000000000001,0.9800279979723155,0.10137318819761276,10500,3285.09022585401,3285.09022585401,65.7018045170802,50,1.0,Sim,745.793823474996,746.4328452611495,749.1723874328129,23.422453980001592,3934.256702995999,3961.1754538759997,70000,49000,10500,10500,161c642197f73a5c2a9888f8f889988f3853ec4a3aa1a4101c2c1fe0d3478f81,8928d478d8d23938a73b4f4a92c407bf3d74beff1e0e67e3644d6ecdc30cf828,"{""adapter"":""kmnist"",""balance_mode"":""all_raw"",""dataset"":""kmnist"",""native_channels"":1,""normalization"":""unit_interval"",""num_classes"":10,""seed"":42,""target_size"":64,""test_fraction"":0.15,""train_fraction"":0.7,""training"":{""augmentation"":{""brightness_delta"":0.0,""contrast_lower"":1.0,""contrast_upper"":1.0,""cutout_max_frac"":0.0,""cutout_prob"":0.0,""flip_lr"":false,""noise_std"":0.0,""translate_frac"":0.0,""zoom_max"":1.0,""zoom_min"":1.0},""default_image_size"":64,""dtype_policy"":""mixed_float16"",""early_stopping_patience"":50,""extra_fraction"":0.0,""image_size_overrides"":{""gtsrb"":128},""keras_verbose"":1,""learning_rate"":0.0003,""max_epochs"":50,""preprocess_cache_max_mib"":0,""reduce_lr_factor"":0.3,""reduce_lr_min_lr"":1e-07,""reduce_lr_patience"":50,""shuffle_buffer_max_mib"":0},""validation_fraction"":0.15}",2.21.0,NVIDIA GeForce RTX 3050
128,kmnist__unit_interval__all_raw__seed-42,completed,50,50,0.9788602025986256,0.9788602025986256,0.978857159614563,0.9973469376564026,0.0084357615560293,0.9789523809523809,0.9789523809523809,0.9789633407474518,0.11891581863164902,10500,3278.580903179991,3278.580903179991,65.57161806359981,50,1.0,Sim,747.27452893527,748.0830001862477,754.5128920496857,23.175940334000188,3909.9731927030007,3936.753249280002,70000,49000,10500,10500,161c642197f73a5c2a9888f8f889988f3853ec4a3aa1a4101c2c1fe0d3478f81,8928d478d8d23938a73b4f4a92c407bf3d74beff1e0e67e3644d6ecdc30cf828,"{""adapter"":""kmnist"",""balance_mode"":""all_raw"",""dataset"":""kmnist"",""native_channels"":1,""normalization"":""unit_interval"",""num_classes"":10,""seed"":42,""target_size"":64,""test_fraction"":0.15,""train_fraction"":0.7,""training"":{""augmentation"":{""brightness_delta"":0.0,""contrast_lower"":1.0,""contrast_upper"":1.0,""cutout_max_frac"":0.0,""cutout_prob"":0.0,""flip_lr"":false,""noise_std"":0.0,""translate_frac"":0.0,""zoom_max"":1.0,""zoom_min"":1.0},""default_image_size"":64,""dtype_policy"":""mixed_float16"",""early_stopping_patience"":50,""extra_fraction"":0.0,""image_size_overrides"":{""gtsrb"":128},""keras_verbose"":1,""learning_rate"":0.0003,""max_epochs"":50,""preprocess_cache_max_mib"":0,""reduce_lr_factor"":0.3,""reduce_lr_min_lr"":1e-07,""reduce_lr_patience"":50,""shuffle_buffer_max_mib"":0},""validation_fraction"":0.15}",2.21.0,NVIDIA GeForce RTX 3050
144,kmnist__unit_interval__all_raw__seed-42,completed,50,43,0.9789768114890104,0.9777214076753646,0.9777143001556396,0.9969183802604676,0.010079882107675,0.9797142857142858,0.9797142857142859,0.9797503060730947,0.10831178724765778,10500,3013.634535947989,3013.634535947989,60.27269071895979,50,1.0,Sim,812.971835428383,813.9913812305736,823.0155700059054,22.198929121997935,3644.813479668999,3670.5828538120004,70000,49000,10500,10500,161c642197f73a5c2a9888f8f889988f3853ec4a3aa1a4101c2c1fe0d3478f81,8928d478d8d23938a73b4f4a92c407bf3d74beff1e0e67e3644d6ecdc30cf828,"{""adapter"":""kmnist"",""balance_mode"":""all_raw"",""dataset"":""kmnist"",""native_channels"":1,""normalization"":""unit_interval"",""num_classes"":10,""seed"":42,""target_size"":64,""test_fraction"":0.15,""train_fraction"":0.7,""training"":{""augmentation"":{""brightness_delta"":0.0,""contrast_lower"":1.0,""contrast_upper"":1.0,""cutout_max_frac"":0.0,""cutout_prob"":0.0,""flip_lr"":false,""noise_std"":0.0,""translate_frac"":0.0,""zoom_max"":1.0,""zoom_min"":1.0},""default_image_size"":64,""dtype_policy"":""mixed_float16"",""early_stopping_patience"":50,""extra_fraction"":0.0,""image_size_overrides"":{""gtsrb"":128},""keras_verbose"":1,""learning_rate"":0.0003,""max_epochs"":50,""preprocess_cache_max_mib"":0,""reduce_lr_factor"":0.3,""reduce_lr_min_lr"":1e-07,""reduce_lr_patience"":50,""shuffle_buffer_max_mib"":0},""validation_fraction"":0.15}",2.21.0,NVIDIA GeForce RTX 3050
160,kmnist__unit_interval__all_raw__seed-42,completed,50,40,0.9800858897515208,0.977221454504682,0.977238118648529,0.995938777923584,0.0133221326395869,0.9780952380952381,0.9780952380952381,0.9780822783036976,0.12144479900598526,10500,3052.3606167969992,3052.3606167969992,61.04721233593998,50,1.0,Sim,802.6574535517734,803.7921248773152,813.5757814260207,23.867692866999278,3696.263721613999,3723.683813992,70000,49000,10500,10500,161c642197f73a5c2a9888f8f889988f3853ec4a3aa1a4101c2c1fe0d3478f81,8928d478d8d23938a73b4f4a92c407bf3d74beff1e0e67e3644d6ecdc30cf828,"{""adapter"":""kmnist"",""balance_mode"":""all_raw"",""dataset"":""kmnist"",""native_channels"":1,""normalization"":""unit_interval"",""num_classes"":10,""seed"":42,""target_size"":64,""test_fraction"":0.15,""train_fraction"":0.7,""training"":{""augmentation"":{""brightness_delta"":0.0,""contrast_lower"":1.0,""contrast_upper"":1.0,""cutout_max_frac"":0.0,""cutout_prob"":0.0,""flip_lr"":false,""noise_std"":0.0,""translate_frac"":0.0,""zoom_max"":1.0,""zoom_min"":1.0},""default_image_size"":64,""dtype_policy"":""mixed_float16"",""early_stopping_patience"":50,""extra_fraction"":0.0,""image_size_overrides"":{""gtsrb"":128},""keras_verbose"":1,""learning_rate"":0.0003,""max_epochs"":50,""preprocess_cache_max_mib"":0,""reduce_lr_factor"":0.3,""reduce_lr_min_lr"":1e-07,""reduce_lr_patience"":50,""shuffle_buffer_max_mib"":0},""validation_fraction"":0.15}",2.21.0,NVIDIA GeForce RTX 3050
176,kmnist__unit_interval__all_raw__seed-42,completed,50,39,0.9778876624548094,0.9753602648446996,0.975333333015442,0.9964285492897034,0.0113888075575232,0.9775238095238096,0.9775238095238097,0.97751302685656,0.11970986425876617,10500,2940.093739080985,2940.093739080985,58.8018747816197,50,1.0,Sim,833.3067641461736,834.0955763677371,838.6236135049248,21.543208888000663,3581.7256334409976,3606.839459521998,70000,49000,10500,10500,161c642197f73a5c2a9888f8f889988f3853ec4a3aa1a4101c2c1fe0d3478f81,8928d478d8d23938a73b4f4a92c407bf3d74beff1e0e67e3644d6ecdc30cf828,"{""adapter"":""kmnist"",""balance_mode"":""all_raw"",""dataset"":""kmnist"",""native_channels"":1,""normalization"":""unit_interval"",""num_classes"":10,""seed"":42,""target_size"":64,""test_fraction"":0.15,""train_fraction"":0.7,""training"":{""augmentation"":{""brightness_delta"":0.0,""contrast_lower"":1.0,""contrast_upper"":1.0,""cutout_max_frac"":0.0,""cutout_prob"":0.0,""flip_lr"":false,""noise_std"":0.0,""translate_frac"":0.0,""zoom_max"":1.0,""zoom_min"":1.0},""default_image_size"":64,""dtype_policy"":""mixed_float16"",""early_stopping_patience"":50,""extra_fraction"":0.0,""image_size_overrides"":{""gtsrb"":128},""keras_verbose"":1,""learning_rate"":0.0003,""max_epochs"":50,""preprocess_cache_max_mib"":0,""reduce_lr_factor"":0.3,""reduce_lr_min_lr"":1e-07,""reduce_lr_patience"":50,""shuffle_buffer_max_mib"":0},""validation_fraction"":0.15}",2.21.0,NVIDIA GeForce RTX 3050
192,kmnist__unit_interval__all_raw__seed-42,completed,50,50,0.9768595666121946,0.9768595666121946,0.9768571257591248,0.9977959394454956,0.0073320474475622,0.9764761904761905,0.9764761904761906,0.9764933092546881,0.13612651824951172,10500,2672.721626487997,2672.721626487997,53.45443252975994,50,1.0,Sim,916.6686031643867,917.6279093697708,922.0296792942745,21.37432350999734,3279.028896841999,3303.943504416002,70000,49000,10500,10500,161c642197f73a5c2a9888f8f889988f3853ec4a3aa1a4101c2c1fe0d3478f81,8928d478d8d23938a73b4f4a92c407bf3d74beff1e0e67e3644d6ecdc30cf828,"{""adapter"":""kmnist"",""balance_mode"":""all_raw"",""dataset"":""kmnist"",""native_channels"":1,""normalization"":""unit_interval"",""num_classes"":10,""seed"":42,""target_size"":64,""test_fraction"":0.15,""train_fraction"":0.7,""training"":{""augmentation"":{""brightness_delta"":0.0,""contrast_lower"":1.0,""contrast_upper"":1.0,""cutout_max_frac"":0.0,""cutout_prob"":0.0,""flip_lr"":false,""noise_std"":0.0,""translate_frac"":0.0,""zoom_max"":1.0,""zoom_min"":1.0},""default_image_size"":64,""dtype_policy"":""mixed_float16"",""early_stopping_patience"":50,""extra_fraction"":0.0,""image_size_overrides"":{""gtsrb"":128},""keras_verbose"":1,""learning_rate"":0.0003,""max_epochs"":50,""preprocess_cache_max_mib"":0,""reduce_lr_factor"":0.3,""reduce_lr_min_lr"":1e-07,""reduce_lr_patience"":50,""shuffle_buffer_max_mib"":0},""validation_fraction"":0.15}",2.21.0,NVIDIA GeForce RTX 3050
208,kmnist__unit_interval__all_raw__seed-42,completed,50,42,0.9773271824505724,0.976018826582968,0.9760000109672546,0.9971836805343628,0.0084044458344578,0.978,0.978,0.9780024802265164,0.12382450699806213,10500,2664.0631214110035,2664.0631214110035,53.28126242822007,50,1.0,Sim,919.6478793274139,921.5238029623847,925.1743214207037,21.15753568099899,3231.942051995,3256.5400367210023,70000,49000,10500,10500,161c642197f73a5c2a9888f8f889988f3853ec4a3aa1a4101c2c1fe0d3478f81,8928d478d8d23938a73b4f4a92c407bf3d74beff1e0e67e3644d6ecdc30cf828,"{""adapter"":""kmnist"",""balance_mode"":""all_raw"",""dataset"":""kmnist"",""native_channels"":1,""normalization"":""unit_interval"",""num_classes"":10,""seed"":42,""target_size"":64,""test_fraction"":0.15,""train_fraction"":0.7,""training"":{""augmentation"":{""brightness_delta"":0.0,""contrast_lower"":1.0,""contrast_upper"":1.0,""cutout_max_frac"":0.0,""cutout_prob"":0.0,""flip_lr"":false,""noise_std"":0.0,""translate_frac"":0.0,""zoom_max"":1.0,""zoom_min"":1.0},""default_image_size"":64,""dtype_policy"":""mixed_float16"",""early_stopping_patience"":50,""extra_fraction"":0.0,""image_size_overrides"":{""gtsrb"":128},""keras_verbose"":1,""learning_rate"":0.0003,""max_epochs"":50,""preprocess_cache_max_mib"":0,""reduce_lr_factor"":0.3,""reduce_lr_min_lr"":1e-07,""reduce_lr_patience"":50,""shuffle_buffer_max_mib"":0},""validation_fraction"":0.15}",2.21.0,NVIDIA GeForce RTX 3050
224,kmnist__unit_interval__all_raw__seed-42,completed,50,43,0.9780087608158125,0.9747551928107472,0.9747619032859802,0.9965305924415588,0.0112252384424209,0.9765714285714285,0.9765714285714286,0.9765961232060574,0.12661579251289368,10500,2913.5959239749627,531.780862471,58.271918479499256,50,1.0,Sim,840.8853059684104,659.2551137672361,690.898172050772,30.962427263999984,643.781306274,680.435613271,70000,49000,10500,10500,161c642197f73a5c2a9888f8f889988f3853ec4a3aa1a4101c2c1fe0d3478f81,8928d478d8d23938a73b4f4a92c407bf3d74beff1e0e67e3644d6ecdc30cf828,"{""adapter"":""kmnist"",""balance_mode"":""all_raw"",""dataset"":""kmnist"",""native_channels"":1,""normalization"":""unit_interval"",""num_classes"":10,""seed"":42,""target_size"":64,""test_fraction"":0.15,""train_fraction"":0.7,""training"":{""augmentation"":{""brightness_delta"":0.0,""contrast_lower"":1.0,""contrast_upper"":1.0,""cutout_max_frac"":0.0,""cutout_prob"":0.0,""flip_lr"":false,""noise_std"":0.0,""translate_frac"":0.0,""zoom_max"":1.0,""zoom_min"":1.0},""default_image_size"":64,""dtype_policy"":""mixed_float16"",""early_stopping_patience"":50,""extra_fraction"":0.0,""image_size_overrides"":{""gtsrb"":128},""keras_verbose"":1,""learning_rate"":0.0003,""max_epochs"":50,""preprocess_cache_max_mib"":0,""reduce_lr_factor"":0.3,""reduce_lr_min_lr"":1e-07,""reduce_lr_patience"":50,""shuffle_buffer_max_mib"":0},""validation_fraction"":0.15}",2.21.0,NVIDIA GeForce RTX 3050
240,kmnist__unit_interval__all_raw__seed-42,completed,50,42,0.9770574697311528,0.9759980135586194,0.9760000109672546,0.9960408210754396,0.0127369314432144,0.9766666666666667,0.9766666666666666,0.9766693725506288,0.12001968175172806,10500,3602.7958480549996,3602.7958480549996,72.0559169611,50,1.0,Sim,680.0274296204303,684.9859675196415,661.4697667471223,23.69241731099919,4341.3073829410005,4371.379676253,70000,49000,10500,10500,161c642197f73a5c2a9888f8f889988f3853ec4a3aa1a4101c2c1fe0d3478f81,8928d478d8d23938a73b4f4a92c407bf3d74beff1e0e67e3644d6ecdc30cf828,"{""adapter"":""kmnist"",""balance_mode"":""all_raw"",""dataset"":""kmnist"",""native_channels"":1,""normalization"":""unit_interval"",""num_classes"":10,""seed"":42,""target_size"":64,""test_fraction"":0.15,""train_fraction"":0.7,""training"":{""augmentation"":{""brightness_delta"":0.0,""contrast_lower"":1.0,""contrast_upper"":1.0,""cutout_max_frac"":0.0,""cutout_prob"":0.0,""flip_lr"":false,""noise_std"":0.0,""translate_frac"":0.0,""zoom_max"":1.0,""zoom_min"":1.0},""default_image_size"":64,""dtype_policy"":""mixed_float16"",""early_stopping_patience"":50,""extra_fraction"":0.0,""image_size_overrides"":{""gtsrb"":128},""keras_verbose"":1,""learning_rate"":0.0003,""max_epochs"":50,""preprocess_cache_max_mib"":0,""reduce_lr_factor"":0.3,""reduce_lr_min_lr"":1e-07,""reduce_lr_patience"":50,""shuffle_buffer_max_mib"":0},""validation_fraction"":0.15}",2.21.0,NVIDIA GeForce RTX 3050
256,kmnist__unit_interval__all_raw__seed-42,completed,50,38,0.9751665409265602,0.9741189537461512,0.9740952253341676,0.9966734647750854,0.0095075303688645,0.9729523809523809,0.972952380952381,0.9729583371659374,0.14078602194786072,10500,2916.7465301639986,2916.7465301639986,58.33493060327997,50,1.0,Sim,839.9769999425507,842.2596736640746,854.999123365765,21.407903899000303,3497.7866825190004,3524.1831139899996,70000,49000,10500,10500,161c642197f73a5c2a9888f8f889988f3853ec4a3aa1a4101c2c1fe0d3478f81,8928d478d8d23938a73b4f4a92c407bf3d74beff1e0e67e3644d6ecdc30cf828,"{""adapter"":""kmnist"",""balance_mode"":""all_raw"",""dataset"":""kmnist"",""native_channels"":1,""normalization"":""unit_interval"",""num_classes"":10,""seed"":42,""target_size"":64,""test_fraction"":0.15,""train_fraction"":0.7,""training"":{""augmentation"":{""brightness_delta"":0.0,""contrast_lower"":1.0,""contrast_upper"":1.0,""cutout_max_frac"":0.0,""cutout_prob"":0.0,""flip_lr"":false,""noise_std"":0.0,""translate_frac"":0.0,""zoom_max"":1.0,""zoom_min"":1.0},""default_image_size"":64,""dtype_policy"":""mixed_float16"",""early_stopping_patience"":50,""extra_fraction"":0.0,""image_size_overrides"":{""gtsrb"":128},""keras_verbose"":1,""learning_rate"":0.0003,""max_epochs"":50,""preprocess_cache_max_mib"":0,""reduce_lr_factor"":0.3,""reduce_lr_min_lr"":1e-07,""reduce_lr_patience"":50,""shuffle_buffer_max_mib"":0},""validation_fraction"":0.15}",2.21.0,NVIDIA GeForce RTX 3050
272,kmnist__unit_interval__all_raw__seed-42,completed,50,41,0.9765559286960996,0.9764883748750148,0.9764761924743652,0.9954285621643066,0.0141204856336116,0.9783809523809524,0.9783809523809524,0.9783700677519228,0.11563931405544281,10500,3682.9028830009993,3682.9028830009993,73.65805766001999,50,1.0,Sim,665.2361134224715,696.8036097502218,763.9460296579489,24.954079601000558,4491.641853192001,4521.348755491999,70000,49000,10500,10500,161c642197f73a5c2a9888f8f889988f3853ec4a3aa1a4101c2c1fe0d3478f81,8928d478d8d23938a73b4f4a92c407bf3d74beff1e0e67e3644d6ecdc30cf828,"{""adapter"":""kmnist"",""balance_mode"":""all_raw"",""dataset"":""kmnist"",""native_channels"":1,""normalization"":""unit_interval"",""num_classes"":10,""seed"":42,""target_size"":64,""test_fraction"":0.15,""train_fraction"":0.7,""training"":{""augmentation"":{""brightness_delta"":0.0,""contrast_lower"":1.0,""contrast_upper"":1.0,""cutout_max_frac"":0.0,""cutout_prob"":0.0,""flip_lr"":false,""noise_std"":0.0,""translate_frac"":0.0,""zoom_max"":1.0,""zoom_min"":1.0},""default_image_size"":64,""dtype_policy"":""mixed_float16"",""early_stopping_patience"":50,""extra_fraction"":0.0,""image_size_overrides"":{""gtsrb"":128},""keras_verbose"":1,""learning_rate"":0.0003,""max_epochs"":50,""preprocess_cache_max_mib"":0,""reduce_lr_factor"":0.3,""reduce_lr_min_lr"":1e-07,""reduce_lr_patience"":50,""shuffle_buffer_max_mib"":0},""validation_fraction"":0.15}",2.21.0,NVIDIA GeForce RTX 3050
288,kmnist__unit_interval__all_raw__seed-42,completed,50,50,0.9764593115441258,0.9764593115441258,0.9764761924743652,0.9968571662902832,0.0094877695664763,0.9742857142857143,0.9742857142857142,0.9742435018442297,0.1496189683675766,10500,3185.1951772609955,3185.1951772609955,63.70390354521991,50,1.0,Sim,769.1836335463743,774.4807801352598,779.4903986673667,21.27423305100092,3825.521617971999,3852.299858306,70000,49000,10500,10500,161c642197f73a5c2a9888f8f889988f3853ec4a3aa1a4101c2c1fe0d3478f81,8928d478d8d23938a73b4f4a92c407bf3d74beff1e0e67e3644d6ecdc30cf828,"{""adapter"":""kmnist"",""balance_mode"":""all_raw"",""dataset"":""kmnist"",""native_channels"":1,""normalization"":""unit_interval"",""num_classes"":10,""seed"":42,""target_size"":64,""test_fraction"":0.15,""train_fraction"":0.7,""training"":{""augmentation"":{""brightness_delta"":0.0,""contrast_lower"":1.0,""contrast_upper"":1.0,""cutout_max_frac"":0.0,""cutout_prob"":0.0,""flip_lr"":false,""noise_std"":0.0,""translate_frac"":0.0,""zoom_max"":1.0,""zoom_min"":1.0},""default_image_size"":64,""dtype_policy"":""mixed_float16"",""early_stopping_patience"":50,""extra_fraction"":0.0,""image_size_overrides"":{""gtsrb"":128},""keras_verbose"":1,""learning_rate"":0.0003,""max_epochs"":50,""preprocess_cache_max_mib"":0,""reduce_lr_factor"":0.3,""reduce_lr_min_lr"":1e-07,""reduce_lr_patience"":50,""shuffle_buffer_max_mib"":0},""validation_fraction"":0.15}",2.21.0,NVIDIA GeForce RTX 3050
304,kmnist__unit_interval__all_raw__seed-42,completed,50,41,0.9758928421083553,0.974755021131864,0.9747619032859802,0.9971836805343628,0.0089276861399412,0.9768571428571429,0.9768571428571431,0.9768541297166685,0.11482665687799454,10500,2895.559002389993,2895.559002389993,57.91118004779986,50,1.0,Sim,846.1233212577506,847.5561043933554,859.0036714672954,24.506071690997487,3481.8811050600016,3510.679728575,70000,49000,10500,10500,161c642197f73a5c2a9888f8f889988f3853ec4a3aa1a4101c2c1fe0d3478f81,8928d478d8d23938a73b4f4a92c407bf3d74beff1e0e67e3644d6ecdc30cf828,"{""adapter"":""kmnist"",""balance_mode"":""all_raw"",""dataset"":""kmnist"",""native_channels"":1,""normalization"":""unit_interval"",""num_classes"":10,""seed"":42,""target_size"":64,""test_fraction"":0.15,""train_fraction"":0.7,""training"":{""augmentation"":{""brightness_delta"":0.0,""contrast_lower"":1.0,""contrast_upper"":1.0,""cutout_max_frac"":0.0,""cutout_prob"":0.0,""flip_lr"":false,""noise_std"":0.0,""translate_frac"":0.0,""zoom_max"":1.0,""zoom_min"":1.0},""default_image_size"":64,""dtype_policy"":""mixed_float16"",""early_stopping_patience"":50,""extra_fraction"":0.0,""image_size_overrides"":{""gtsrb"":128},""keras_verbose"":1,""learning_rate"":0.0003,""max_epochs"":50,""preprocess_cache_max_mib"":0,""reduce_lr_factor"":0.3,""reduce_lr_min_lr"":1e-07,""reduce_lr_patience"":50,""shuffle_buffer_max_mib"":0},""validation_fraction"":0.15}",2.21.0,NVIDIA GeForce RTX 3050
320,kmnist__unit_interval__all_raw__seed-42,completed,50,49,0.9756549962512232,0.9687293002667976,0.9687619209289552,0.9980407953262328,0.0071759088896214,0.9743809523809523,0.9743809523809525,0.9744387481660761,0.13654394447803497,10500,2950.4624509560053,2950.4624509560053,59.009249019120105,50,1.0,Sim,830.3783019526834,833.2774723428914,849.750981031639,21.701196015001187,3539.2418359740004,3565.4605077919987,70000,49000,10500,10500,161c642197f73a5c2a9888f8f889988f3853ec4a3aa1a4101c2c1fe0d3478f81,8928d478d8d23938a73b4f4a92c407bf3d74beff1e0e67e3644d6ecdc30cf828,"{""adapter"":""kmnist"",""balance_mode"":""all_raw"",""dataset"":""kmnist"",""native_channels"":1,""normalization"":""unit_interval"",""num_classes"":10,""seed"":42,""target_size"":64,""test_fraction"":0.15,""train_fraction"":0.7,""training"":{""augmentation"":{""brightness_delta"":0.0,""contrast_lower"":1.0,""contrast_upper"":1.0,""cutout_max_frac"":0.0,""cutout_prob"":0.0,""flip_lr"":false,""noise_std"":0.0,""translate_frac"":0.0,""zoom_max"":1.0,""zoom_min"":1.0},""default_image_size"":64,""dtype_policy"":""mixed_float16"",""early_stopping_patience"":50,""extra_fraction"":0.0,""image_size_overrides"":{""gtsrb"":128},""keras_verbose"":1,""learning_rate"":0.0003,""max_epochs"":50,""preprocess_cache_max_mib"":0,""reduce_lr_factor"":0.3,""reduce_lr_min_lr"":1e-07,""reduce_lr_patience"":50,""shuffle_buffer_max_mib"":0},""validation_fraction"":0.15}",2.21.0,NVIDIA GeForce RTX 3050
336,kmnist__unit_interval__all_raw__seed-42,completed,50,36,0.9748414396244642,0.9743809326216466,0.9743809700012208,0.9962857365608216,0.012377324514091,0.9735238095238096,0.9735238095238096,0.9735364842790986,0.13235752284526825,10500,2688.8636776619896,2688.8636776619896,53.777273553239795,50,1.0,Sim,911.165567951111,913.6085231135032,926.6008471333671,20.813712606999616,3217.1453413189993,3242.1462727209982,70000,49000,10500,10500,161c642197f73a5c2a9888f8f889988f3853ec4a3aa1a4101c2c1fe0d3478f81,8928d478d8d23938a73b4f4a92c407bf3d74beff1e0e67e3644d6ecdc30cf828,"{""adapter"":""kmnist"",""balance_mode"":""all_raw"",""dataset"":""kmnist"",""native_channels"":1,""normalization"":""unit_interval"",""num_classes"":10,""seed"":42,""target_size"":64,""test_fraction"":0.15,""train_fraction"":0.7,""training"":{""augmentation"":{""brightness_delta"":0.0,""contrast_lower"":1.0,""contrast_upper"":1.0,""cutout_max_frac"":0.0,""cutout_prob"":0.0,""flip_lr"":false,""noise_std"":0.0,""translate_frac"":0.0,""zoom_max"":1.0,""zoom_min"":1.0},""default_image_size"":64,""dtype_policy"":""mixed_float16"",""early_stopping_patience"":50,""extra_fraction"":0.0,""image_size_overrides"":{""gtsrb"":128},""keras_verbose"":1,""learning_rate"":0.0003,""max_epochs"":50,""preprocess_cache_max_mib"":0,""reduce_lr_factor"":0.3,""reduce_lr_min_lr"":1e-07,""reduce_lr_patience"":50,""shuffle_buffer_max_mib"":0},""validation_fraction"":0.15}",2.21.0,NVIDIA GeForce RTX 3050
352,kmnist__unit_interval__all_raw__seed-42,completed,50,40,0.9763813173883192,0.971202847624358,0.9712380766868592,0.996367335319519,0.0116715170443058,0.9774285714285714,0.9774285714285714,0.9774286686970818,0.12145436555147171,10500,2682.1746147109916,2682.1746147109916,53.64349229421983,50,1.0,Sim,913.4379195755647,914.4591096389989,920.1207722012022,18.766271257998596,3191.639616687,3214.2414810510018,70000,49000,10500,10500,161c642197f73a5c2a9888f8f889988f3853ec4a3aa1a4101c2c1fe0d3478f81,8928d478d8d23938a73b4f4a92c407bf3d74beff1e0e67e3644d6ecdc30cf828,"{""adapter"":""kmnist"",""balance_mode"":""all_raw"",""dataset"":""kmnist"",""native_channels"":1,""normalization"":""unit_interval"",""num_classes"":10,""seed"":42,""target_size"":64,""test_fraction"":0.15,""train_fraction"":0.7,""training"":{""augmentation"":{""brightness_delta"":0.0,""contrast_lower"":1.0,""contrast_upper"":1.0,""cutout_max_frac"":0.0,""cutout_prob"":0.0,""flip_lr"":false,""noise_std"":0.0,""translate_frac"":0.0,""zoom_max"":1.0,""zoom_min"":1.0},""default_image_size"":64,""dtype_policy"":""mixed_float16"",""early_stopping_patience"":50,""extra_fraction"":0.0,""image_size_overrides"":{""gtsrb"":128},""keras_verbose"":1,""learning_rate"":0.0003,""max_epochs"":50,""preprocess_cache_max_mib"":0,""reduce_lr_factor"":0.3,""reduce_lr_min_lr"":1e-07,""reduce_lr_patience"":50,""shuffle_buffer_max_mib"":0},""validation_fraction"":0.15}",2.21.0,NVIDIA GeForce RTX 3050
368,kmnist__unit_interval__all_raw__seed-42,completed,50,41,0.9760040525588816,0.972262263263849,0.9722856879234314,0.9977551102638244,0.0067573869600892,0.9767619047619047,0.9767619047619046,0.9767722458725988,0.1233581081032753,10500,2611.636406446014,2611.636406446014,52.23272812892028,50,1.0,Sim,938.1091464159924,939.3745538814368,946.1127449964874,18.85502414599614,3115.237214476998,3137.6876265799983,70000,49000,10500,10500,161c642197f73a5c2a9888f8f889988f3853ec4a3aa1a4101c2c1fe0d3478f81,8928d478d8d23938a73b4f4a92c407bf3d74beff1e0e67e3644d6ecdc30cf828,"{""adapter"":""kmnist"",""balance_mode"":""all_raw"",""dataset"":""kmnist"",""native_channels"":1,""normalization"":""unit_interval"",""num_classes"":10,""seed"":42,""target_size"":64,""test_fraction"":0.15,""train_fraction"":0.7,""training"":{""augmentation"":{""brightness_delta"":0.0,""contrast_lower"":1.0,""contrast_upper"":1.0,""cutout_max_frac"":0.0,""cutout_prob"":0.0,""flip_lr"":false,""noise_std"":0.0,""translate_frac"":0.0,""zoom_max"":1.0,""zoom_min"":1.0},""default_image_size"":64,""dtype_policy"":""mixed_float16"",""early_stopping_patience"":50,""extra_fraction"":0.0,""image_size_overrides"":{""gtsrb"":128},""keras_verbose"":1,""learning_rate"":0.0003,""max_epochs"":50,""preprocess_cache_max_mib"":0,""reduce_lr_factor"":0.3,""reduce_lr_min_lr"":1e-07,""reduce_lr_patience"":50,""shuffle_buffer_max_mib"":0},""validation_fraction"":0.15}",2.21.0,NVIDIA GeForce RTX 3050
384,kmnist__unit_interval__all_raw__seed-42,completed,50,49,0.9750600454710768,0.9722581001492684,0.9722856879234314,0.9968979358673096,0.0092517528682947,0.9737142857142858,0.9737142857142856,0.9737531882599697,0.1399644911289215,10500,2720.3427514870127,2720.3427514870127,54.40685502974026,50,1.0,Sim,900.6218053444787,901.7925340948482,902.6566401945996,18.819647242999054,3229.7282079599972,3252.259181128,70000,49000,10500,10500,161c642197f73a5c2a9888f8f889988f3853ec4a3aa1a4101c2c1fe0d3478f81,8928d478d8d23938a73b4f4a92c407bf3d74beff1e0e67e3644d6ecdc30cf828,"{""adapter"":""kmnist"",""balance_mode"":""all_raw"",""dataset"":""kmnist"",""native_channels"":1,""normalization"":""unit_interval"",""num_classes"":10,""seed"":42,""target_size"":64,""test_fraction"":0.15,""train_fraction"":0.7,""training"":{""augmentation"":{""brightness_delta"":0.0,""contrast_lower"":1.0,""contrast_upper"":1.0,""cutout_max_frac"":0.0,""cutout_prob"":0.0,""flip_lr"":false,""noise_std"":0.0,""translate_frac"":0.0,""zoom_max"":1.0,""zoom_min"":1.0},""default_image_size"":64,""dtype_policy"":""mixed_float16"",""early_stopping_patience"":50,""extra_fraction"":0.0,""image_size_overrides"":{""gtsrb"":128},""keras_verbose"":1,""learning_rate"":0.0003,""max_epochs"":50,""preprocess_cache_max_mib"":0,""reduce_lr_factor"":0.3,""reduce_lr_min_lr"":1e-07,""reduce_lr_patience"":50,""shuffle_buffer_max_mib"":0},""validation_fraction"":0.15}",2.21.0,NVIDIA GeForce RTX 3050
400,kmnist__unit_interval__all_raw__seed-42,completed,50,46,0.9747527482023578,0.9742724365851192,0.9742857217788696,0.996795892715454,0.0102502554655075,0.975047619047619,0.9750476190476188,0.9750389581793986,0.14080943167209625,10500,2732.4496907909925,2732.4496907909925,54.64899381581985,50,1.0,Sim,896.6313298492136,898.9923472212586,907.5406138221203,18.805783634001273,3240.5709023439995,3263.034226032003,70000,49000,10500,10500,161c642197f73a5c2a9888f8f889988f3853ec4a3aa1a4101c2c1fe0d3478f81,8928d478d8d23938a73b4f4a92c407bf3d74beff1e0e67e3644d6ecdc30cf828,"{""adapter"":""kmnist"",""balance_mode"":""all_raw"",""dataset"":""kmnist"",""native_channels"":1,""normalization"":""unit_interval"",""num_classes"":10,""seed"":42,""target_size"":64,""test_fraction"":0.15,""train_fraction"":0.7,""training"":{""augmentation"":{""brightness_delta"":0.0,""contrast_lower"":1.0,""contrast_upper"":1.0,""cutout_max_frac"":0.0,""cutout_prob"":0.0,""flip_lr"":false,""noise_std"":0.0,""translate_frac"":0.0,""zoom_max"":1.0,""zoom_min"":1.0},""default_image_size"":64,""dtype_policy"":""mixed_float16"",""early_stopping_patience"":50,""extra_fraction"":0.0,""image_size_overrides"":{""gtsrb"":128},""keras_verbose"":1,""learning_rate"":0.0003,""max_epochs"":50,""preprocess_cache_max_mib"":0,""reduce_lr_factor"":0.3,""reduce_lr_min_lr"":1e-07,""reduce_lr_patience"":50,""shuffle_buffer_max_mib"":0},""validation_fraction"":0.15}",2.21.0,NVIDIA GeForce RTX 3050
416,kmnist__unit_interval__all_raw__seed-42,completed,50,50,0.9742978659524196,0.9742978659524196,0.9742857217788696,0.9971020221710204,0.0088268360123038,0.975047619047619,0.975047619047619,0.9750629037984313,0.13859207928180695,10500,2554.9442544079866,2554.9442544079866,51.09888508815973,50,1.0,Sim,958.925031641325,960.2499543855796,966.3636541795456,18.480555184003606,3047.647062903001,3069.7572965740037,70000,49000,10500,10500,161c642197f73a5c2a9888f8f889988f3853ec4a3aa1a4101c2c1fe0d3478f81,8928d478d8d23938a73b4f4a92c407bf3d74beff1e0e67e3644d6ecdc30cf828,"{""adapter"":""kmnist"",""balance_mode"":""all_raw"",""dataset"":""kmnist"",""native_channels"":1,""normalization"":""unit_interval"",""num_classes"":10,""seed"":42,""target_size"":64,""test_fraction"":0.15,""train_fraction"":0.7,""training"":{""augmentation"":{""brightness_delta"":0.0,""contrast_lower"":1.0,""contrast_upper"":1.0,""cutout_max_frac"":0.0,""cutout_prob"":0.0,""flip_lr"":false,""noise_std"":0.0,""translate_frac"":0.0,""zoom_max"":1.0,""zoom_min"":1.0},""default_image_size"":64,""dtype_policy"":""mixed_float16"",""early_stopping_patience"":50,""extra_fraction"":0.0,""image_size_overrides"":{""gtsrb"":128},""keras_verbose"":1,""learning_rate"":0.0003,""max_epochs"":50,""preprocess_cache_max_mib"":0,""reduce_lr_factor"":0.3,""reduce_lr_min_lr"":1e-07,""reduce_lr_patience"":50,""shuffle_buffer_max_mib"":0},""validation_fraction"":0.15}",2.21.0,NVIDIA GeForce RTX 3050
432,kmnist__unit_interval__all_raw__seed-42,completed,50,39,0.973523969092264,0.969374727342252,0.9694285988807678,0.9962857365608216,0.0121736014261841,0.9715238095238096,0.9715238095238096,0.9715187395186339,0.13081295788288116,10500,2536.722320314999,2536.722320314999,50.73444640629997,50,1.0,Sim,965.813238752821,966.920909169849,970.4562996362095,18.87061817599897,3024.147401135,3046.681095453998,70000,49000,10500,10500,161c642197f73a5c2a9888f8f889988f3853ec4a3aa1a4101c2c1fe0d3478f81,8928d478d8d23938a73b4f4a92c407bf3d74beff1e0e67e3644d6ecdc30cf828,"{""adapter"":""kmnist"",""balance_mode"":""all_raw"",""dataset"":""kmnist"",""native_channels"":1,""normalization"":""unit_interval"",""num_classes"":10,""seed"":42,""target_size"":64,""test_fraction"":0.15,""train_fraction"":0.7,""training"":{""augmentation"":{""brightness_delta"":0.0,""contrast_lower"":1.0,""contrast_upper"":1.0,""cutout_max_frac"":0.0,""cutout_prob"":0.0,""flip_lr"":false,""noise_std"":0.0,""translate_frac"":0.0,""zoom_max"":1.0,""zoom_min"":1.0},""default_image_size"":64,""dtype_policy"":""mixed_float16"",""early_stopping_patience"":50,""extra_fraction"":0.0,""image_size_overrides"":{""gtsrb"":128},""keras_verbose"":1,""learning_rate"":0.0003,""max_epochs"":50,""preprocess_cache_max_mib"":0,""reduce_lr_factor"":0.3,""reduce_lr_min_lr"":1e-07,""reduce_lr_patience"":50,""shuffle_buffer_max_mib"":0},""validation_fraction"":0.15}",2.21.0,NVIDIA GeForce RTX 3050
448,kmnist__unit_interval__all_raw__seed-42,completed,50,44,0.9737262075677388,0.9719216552285804,0.971904754638672,0.9964489936828612,0.0106144342571496,0.9740952380952381,0.9740952380952381,0.974119054823696,0.13902294635772705,10500,2648.90449223599,2648.90449223599,52.9780898447198,50,1.0,Sim,924.9106591728829,927.1564202811513,936.8000990328009,18.47686034099752,3139.482707160001,3161.545720410999,70000,49000,10500,10500,161c642197f73a5c2a9888f8f889988f3853ec4a3aa1a4101c2c1fe0d3478f81,8928d478d8d23938a73b4f4a92c407bf3d74beff1e0e67e3644d6ecdc30cf828,"{""adapter"":""kmnist"",""balance_mode"":""all_raw"",""dataset"":""kmnist"",""native_channels"":1,""normalization"":""unit_interval"",""num_classes"":10,""seed"":42,""target_size"":64,""test_fraction"":0.15,""train_fraction"":0.7,""training"":{""augmentation"":{""brightness_delta"":0.0,""contrast_lower"":1.0,""contrast_upper"":1.0,""cutout_max_frac"":0.0,""cutout_prob"":0.0,""flip_lr"":false,""noise_std"":0.0,""translate_frac"":0.0,""zoom_max"":1.0,""zoom_min"":1.0},""default_image_size"":64,""dtype_policy"":""mixed_float16"",""early_stopping_patience"":50,""extra_fraction"":0.0,""image_size_overrides"":{""gtsrb"":128},""keras_verbose"":1,""learning_rate"":0.0003,""max_epochs"":50,""preprocess_cache_max_mib"":0,""reduce_lr_factor"":0.3,""reduce_lr_min_lr"":1e-07,""reduce_lr_patience"":50,""shuffle_buffer_max_mib"":0},""validation_fraction"":0.15}",2.21.0,NVIDIA GeForce RTX 3050
464,kmnist__unit_interval__all_raw__seed-42,completed,50,36,0.9741878132217762,0.973723332308674,0.973714292049408,0.996183693408966,0.0111288903281092,0.9739047619047619,0.9739047619047619,0.9739023628897175,0.13552695512771606,10500,2601.8696520700178,2601.8696520700178,52.03739304140036,50,1.0,Sim,941.6305686377517,942.5022177370251,946.6662415058686,18.061501415002567,3087.8185418990033,3109.5407171379993,70000,49000,10500,10500,161c642197f73a5c2a9888f8f889988f3853ec4a3aa1a4101c2c1fe0d3478f81,8928d478d8d23938a73b4f4a92c407bf3d74beff1e0e67e3644d6ecdc30cf828,"{""adapter"":""kmnist"",""balance_mode"":""all_raw"",""dataset"":""kmnist"",""native_channels"":1,""normalization"":""unit_interval"",""num_classes"":10,""seed"":42,""target_size"":64,""test_fraction"":0.15,""train_fraction"":0.7,""training"":{""augmentation"":{""brightness_delta"":0.0,""contrast_lower"":1.0,""contrast_upper"":1.0,""cutout_max_frac"":0.0,""cutout_prob"":0.0,""flip_lr"":false,""noise_std"":0.0,""translate_frac"":0.0,""zoom_max"":1.0,""zoom_min"":1.0},""default_image_size"":64,""dtype_policy"":""mixed_float16"",""early_stopping_patience"":50,""extra_fraction"":0.0,""image_size_overrides"":{""gtsrb"":128},""keras_verbose"":1,""learning_rate"":0.0003,""max_epochs"":50,""preprocess_cache_max_mib"":0,""reduce_lr_factor"":0.3,""reduce_lr_min_lr"":1e-07,""reduce_lr_patience"":50,""shuffle_buffer_max_mib"":0},""validation_fraction"":0.15}",2.21.0,NVIDIA GeForce RTX 3050
480,kmnist__unit_interval__all_raw__seed-42,completed,50,50,0.9746708022373556,0.9746708022373556,0.9746666550636292,0.997224509716034,0.0085828891023993,0.9757142857142858,0.9757142857142858,0.9757450451648332,0.13579273223876953,10500,2577.3662307859995,2577.3662307859995,51.54732461571999,50,1.0,Sim,950.5827967850896,951.5653116589386,956.5200991340146,17.984953882005357,3058.374761896004,3079.978616332999,70000,49000,10500,10500,161c642197f73a5c2a9888f8f889988f3853ec4a3aa1a4101c2c1fe0d3478f81,8928d478d8d23938a73b4f4a92c407bf3d74beff1e0e67e3644d6ecdc30cf828,"{""adapter"":""kmnist"",""balance_mode"":""all_raw"",""dataset"":""kmnist"",""native_channels"":1,""normalization"":""unit_interval"",""num_classes"":10,""seed"":42,""target_size"":64,""test_fraction"":0.15,""train_fraction"":0.7,""training"":{""augmentation"":{""brightness_delta"":0.0,""contrast_lower"":1.0,""contrast_upper"":1.0,""cutout_max_frac"":0.0,""cutout_prob"":0.0,""flip_lr"":false,""noise_std"":0.0,""translate_frac"":0.0,""zoom_max"":1.0,""zoom_min"":1.0},""default_image_size"":64,""dtype_policy"":""mixed_float16"",""early_stopping_patience"":50,""extra_fraction"":0.0,""image_size_overrides"":{""gtsrb"":128},""keras_verbose"":1,""learning_rate"":0.0003,""max_epochs"":50,""preprocess_cache_max_mib"":0,""reduce_lr_factor"":0.3,""reduce_lr_min_lr"":1e-07,""reduce_lr_patience"":50,""shuffle_buffer_max_mib"":0},""validation_fraction"":0.15}",2.21.0,NVIDIA GeForce RTX 3050
496,kmnist__unit_interval__all_raw__seed-42,completed,50,45,0.9758025530016488,0.9739303884620748,0.97390478849411,0.9963061213493348,0.0116012310609221,0.9733333333333334,0.9733333333333333,0.9733468917612372,0.14364033937454224,10500,2610.718517525005,2610.718517525005,52.214370350500104,50,1.0,Sim,938.4389713229718,939.5185334440399,946.6010229475692,18.3576377970021,3098.357783133004,3120.3611510820047,70000,49000,10500,10500,161c642197f73a5c2a9888f8f889988f3853ec4a3aa1a4101c2c1fe0d3478f81,8928d478d8d23938a73b4f4a92c407bf3d74beff1e0e67e3644d6ecdc30cf828,"{""adapter"":""kmnist"",""balance_mode"":""all_raw"",""dataset"":""kmnist"",""native_channels"":1,""normalization"":""unit_interval"",""num_classes"":10,""seed"":42,""target_size"":64,""test_fraction"":0.15,""train_fraction"":0.7,""training"":{""augmentation"":{""brightness_delta"":0.0,""contrast_lower"":1.0,""contrast_upper"":1.0,""cutout_max_frac"":0.0,""cutout_prob"":0.0,""flip_lr"":false,""noise_std"":0.0,""translate_frac"":0.0,""zoom_max"":1.0,""zoom_min"":1.0},""default_image_size"":64,""dtype_policy"":""mixed_float16"",""early_stopping_patience"":50,""extra_fraction"":0.0,""image_size_overrides"":{""gtsrb"":128},""keras_verbose"":1,""learning_rate"":0.0003,""max_epochs"":50,""preprocess_cache_max_mib"":0,""reduce_lr_factor"":0.3,""reduce_lr_min_lr"":1e-07,""reduce_lr_patience"":50,""shuffle_buffer_max_mib"":0},""validation_fraction"":0.15}",2.21.0,NVIDIA GeForce RTX 3050
512,kmnist__unit_interval__all_raw__seed-42,completed,50,50,0.973504442749707,0.973504442749707,0.9735237956047058,0.9972448945045472,0.0081535233184695,0.9753333333333334,0.9753333333333332,0.975335793865724,0.14003662765026093,10500,2629.296121960011,2629.296121960011,52.585922439200225,50,1.0,Sim,931.808319168571,932.7211536261196,937.1040619371985,18.29398240699811,3112.3129154060007,3134.1997333670006,70000,49000,10500,10500,161c642197f73a5c2a9888f8f889988f3853ec4a3aa1a4101c2c1fe0d3478f81,8928d478d8d23938a73b4f4a92c407bf3d74beff1e0e67e3644d6ecdc30cf828,"{""adapter"":""kmnist"",""balance_mode"":""all_raw"",""dataset"":""kmnist"",""native_channels"":1,""normalization"":""unit_interval"",""num_classes"":10,""seed"":42,""target_size"":64,""test_fraction"":0.15,""train_fraction"":0.7,""training"":{""augmentation"":{""brightness_delta"":0.0,""contrast_lower"":1.0,""contrast_upper"":1.0,""cutout_max_frac"":0.0,""cutout_prob"":0.0,""flip_lr"":false,""noise_std"":0.0,""translate_frac"":0.0,""zoom_max"":1.0,""zoom_min"":1.0},""default_image_size"":64,""dtype_policy"":""mixed_float16"",""early_stopping_patience"":50,""extra_fraction"":0.0,""image_size_overrides"":{""gtsrb"":128},""keras_verbose"":1,""learning_rate"":0.0003,""max_epochs"":50,""preprocess_cache_max_mib"":0,""reduce_lr_factor"":0.3,""reduce_lr_min_lr"":1e-07,""reduce_lr_patience"":50,""shuffle_buffer_max_mib"":0},""validation_fraction"":0.15}",2.21.0,NVIDIA GeForce RTX 3050
