campaign,stage,dataset,condition,run_id,status,status_updated_at,seed,normalization,balance_mode,epochs_completed,max_epochs,best_epoch,batch_size,learning_rate,extra_fraction,dtype_policy,optimizer,test_samples,num_classes,test_accuracy,test_balanced_accuracy,test_macro_precision,test_macro_recall,test_macro_f1,test_macro_ovr_auc,test_loss,training_seconds,evaluation_seconds,wall_seconds,mean_epoch_seconds,mean_train_examples_per_second,ptq_model_bytes,ptq_batch_size,ptq_median_batch_latency_ms,ptq_p95_pass_seconds,ptq_throughput_examples_per_second,gpu_backend,gpu_name,gpu_core_count,gpu_memory_kind,telemetry_samples,telemetry_interval_seconds,cpu_mean_percent,cpu_p95_percent,process_cpu_mean_percent,process_cpu_p95_percent,process_cpu_max_percent,gpu_mean_percent,gpu_p95_percent,gpu_max_percent,gpu_memory_mean_gib,gpu_memory_p95_gib,gpu_memory_max_gib,process_rss_mean_gib,process_rss_p95_gib,process_rss_max_gib,ram_mean_percent,ram_p95_percent,ram_max_percent,thermal_pressure,system_ram_gib,macos_version,metal_version,tensorflow_version,tensorflow_metal_version,python_version,source_ref
activation,training,cifar10,relu,cifar10__unit_interval__all_raw__seed-42,completed,2026-09-02T15:36:10.281+00:00,42,unit_interval,all_raw,100,100,33,256,0.0003,0.5,mixed_float16,Adam,9000,10,0.5664444444444444,0.5664444444444444,0.5881455472340419,0.5664444444444444,0.5644557915772705,0.8986997599451303,1.160674810409546,11512.333599873004,9.957152667004266,11918.373224040988,115.12333599873004,547.2596159029501,,,,,,apple-metal-ioreg,Apple M4,10,shared_unified_driver,2433,5.0,19.882079736950267,22.3,96.8563912864776,116.6,220.9,91.33004521167283,97.0,100.0,1.01197,1.07768,1.13757,2.74755,2.92559,3.7493,75.43588162762022,77.2,79.1,nominal,16.0,,,2.18.1,1.2.0,"3.10.21 (main, Aug 14 2026, 15:25:49) [Clang 22.1.3 ]",outputs/controlled-augmentation05-activations-mac2/activations/cifar10/relu/cifar10/runs/cifar10__unit_interval__all_raw__seed-42/status.json
activation,training,cifar10,sigmoid,cifar10__unit_interval__all_raw__seed-42,completed,2026-09-02T19:48:49.290+00:00,42,unit_interval,all_raw,100,100,99,256,0.0003,0.5,mixed_float16,Adam,9000,10,0.6366666666666667,0.6366666666666666,0.6478984569375327,0.6366666666666666,0.638977217253399,0.9383231550068587,1.0122445821762085,14204.93615304702,17.892338083009236,15152.322205874996,142.0493615304702,443.6639291910706,,,,,,apple-metal-ioreg,Apple M4,10,shared_unified_driver,3059,5.0,18.61690094802223,23.9,89.0183393265773,109.30999999999999,220.0,80.73422687152664,87.0,100.0,0.91801,1.32105,1.97951,2.67504,3.1449,3.72803,75.24815299117358,77.4,82.8,nominal,16.0,,,2.18.1,1.2.0,"3.10.21 (main, Aug 14 2026, 15:25:49) [Clang 22.1.3 ]",outputs/controlled-augmentation05-activations-mac2/activations/cifar10/sigmoid/cifar10/runs/cifar10__unit_interval__all_raw__seed-42/status.json
activation,training,cifar10,softmax,cifar10__unit_interval__all_raw__seed-42,completed,2026-09-02T23:05:07.257+00:00,42,unit_interval,all_raw,100,100,1,256,0.0003,0.5,mixed_float16,Adam,9000,10,0.1,0.1,0.01,0.1,0.01818181818181818,0.5,2.30259108543396,11373.564260787156,10.091436292001163,11770.963676832995,113.73564260787155,553.9337761260183,,,,,,apple-metal-ioreg,Apple M4,10,shared_unified_driver,2402,5.0,18.366319733555372,20.5,98.00453788509576,117.2,220.9,91.4571190674438,96.0,100.0,1.10282,1.1818,1.26573,2.85774,3.04599,3.78909,74.2955870108243,75.9,77.7,nominal,16.0,,,2.18.1,1.2.0,"3.10.21 (main, Aug 14 2026, 15:25:49) [Clang 22.1.3 ]",outputs/controlled-augmentation05-activations-mac2/activations/cifar10/softmax/cifar10/runs/cifar10__unit_interval__all_raw__seed-42/status.json
activation,training,cifar100_coarse,relu,cifar100_coarse__unit_interval__all_raw__seed-42,completed,2026-09-03T02:22:16.429+00:00,42,unit_interval,all_raw,100,100,54,256,0.0003,0.5,mixed_float16,Adam,9000,20,0.3032222222222222,0.3032222222222222,0.36904640088171564,0.3032222222222222,0.2997818002449407,0.7920385769980507,2.257801055908203,11420.381908334079,9.754057583006215,11822.631490750005,114.20381908334079,551.6625109045692,,,,,,apple-metal-ioreg,Apple M4,10,shared_unified_driver,2412,5.0,18.143698175787726,20.6,97.06803482587065,114.54499999999997,223.2,91.03316749585406,96.0,100.0,1.08507,1.17085,1.20711,2.89677,3.51092,3.69714,73.92578772802653,75.6,77.9,nominal,16.0,,,2.18.1,1.2.0,"3.10.21 (main, Aug 14 2026, 15:25:49) [Clang 22.1.3 ]",outputs/controlled-augmentation05-activations-mac2/activations/cifar100_coarse/relu/cifar100_coarse/runs/cifar100_coarse__unit_interval__all_raw__seed-42/status.json
activation,training,cifar100_coarse,sigmoid,cifar100_coarse__unit_interval__all_raw__seed-42,completed,2026-09-03T06:35:49.541+00:00,42,unit_interval,all_raw,100,100,100,256,0.0003,0.5,mixed_float16,Adam,9000,20,0.3661111111111111,0.3661111111111111,0.36262735147946706,0.3661111111111111,0.35015427004960964,0.855183463287849,2.0521531105041504,14213.506117667886,18.763205583003582,15206.638088707987,142.13506117667887,443.25420718377524,,,,,,apple-metal-ioreg,Apple M4,10,shared_unified_driver,3068,5.0,15.1254889178618,17.2,88.01659061277707,109.46500000000002,221.1,80.82040417209909,87.0,100.0,0.95001,1.03299,1.07556,2.9281,3.52697,4.32198,73.40250977835723,75.2,80.0,nominal,16.0,,,2.18.1,1.2.0,"3.10.21 (main, Aug 14 2026, 15:25:49) [Clang 22.1.3 ]",outputs/controlled-augmentation05-activations-mac2/activations/cifar100_coarse/sigmoid/cifar100_coarse/runs/cifar100_coarse__unit_interval__all_raw__seed-42/status.json
activation,training,cifar100_coarse,softmax,cifar100_coarse__unit_interval__all_raw__seed-42,completed,2026-09-03T09:55:32.010+00:00,42,unit_interval,all_raw,100,100,1,256,0.0003,0.5,mixed_float16,Adam,9000,20,0.05,0.05,0.0025,0.05,0.0047619047619047615,0.5,2.995737314224243,11571.381797293783,9.84553304198198,11976.228651416022,115.71381797293783,544.4665747601512,,,,,,apple-metal-ioreg,Apple M4,10,shared_unified_driver,2440,5.0,18.191803278688525,20.3,97.9889344262295,118.20500000000003,218.7,91.8655737704918,96.0,100.0,1.08171,1.16309,1.28117,3.02114,3.73593,3.97191,73.29045081967213,74.9,76.2,nominal,16.0,,,2.18.1,1.2.0,"3.10.21 (main, Aug 14 2026, 15:25:49) [Clang 22.1.3 ]",outputs/controlled-augmentation05-activations-mac2/activations/cifar100_coarse/softmax/cifar100_coarse/runs/cifar100_coarse__unit_interval__all_raw__seed-42/status.json
activation,training,emnist_balanced,relu,emnist_balanced__unit_interval__all_raw__seed-42,completed,2026-09-01T20:13:34.898+00:00,42,unit_interval,all_raw,100,100,77,256,0.0003,0.5,mixed_float16,Adam,19740,47,0.8486322188449849,0.8486322188449849,0.8594747894016104,0.8486322188449849,0.8441570669230694,0.9941392489003003,0.5687423348426819,13731.53303004001,18.5448203750002,14212.770571000001,236.7505694834484,583.7975038335304,,,,,,apple-metal-ioreg,Apple M4,10,shared_unified_driver,2840,5.0,19.39235915492958,23.705000000000016,99.51084507042253,117.70500000000003,225.0,91.81971830985916,96.0,100.0,0.94154,1.11914,1.92097,2.40863,2.7182,3.22786,75.20397887323944,78.90500000000003,84.9,nominal,16.0,,,2.18.1,1.2.0,"3.10.21 (main, Aug 14 2026, 15:25:49) [Clang 22.1.3 ]",outputs/controlled-augmentation05-activations-mac2/activations/emnist_balanced/relu/emnist_balanced/runs/emnist_balanced__unit_interval__all_raw__seed-42/status.json
activation,training,emnist_balanced,sigmoid,emnist_balanced__unit_interval__all_raw__seed-42,completed,2026-09-02T05:15:20.496+00:00,42,unit_interval,all_raw,100,100,78,256,0.0003,0.5,mixed_float16,Adam,19740,47,0.8527862208713273,0.8527862208713273,0.8593356190290794,0.8527862208713273,0.8492825409145192,0.9960747795880608,0.43621155619621277,30380.42904525701,38.248662208003225,32497.697598125,303.8042904525701,454.8386255192038,,,,,,apple-metal-ioreg,Apple M4,10,shared_unified_driver,6442,5.0,16.633048742626514,19.7,88.6518006830177,93.69499999999998,230.9,80.52328469419434,86.0,100.0,0.86555,0.92267,1.23686,2.6328,2.83722,3.57161,77.04330953120149,78.9,80.1,nominal,16.0,,,2.18.1,1.2.0,"3.10.21 (main, Aug 14 2026, 15:25:49) [Clang 22.1.3 ]",outputs/controlled-augmentation05-activations-mac2/activations/emnist_balanced/sigmoid/emnist_balanced/runs/emnist_balanced__unit_interval__all_raw__seed-42/status.json
activation,training,emnist_balanced,softmax,emnist_balanced__unit_interval__all_raw__seed-42,completed,2026-09-02T12:17:18.959+00:00,42,unit_interval,all_raw,100,100,1,256,0.0003,0.5,mixed_float16,Adam,19740,47,0.02127659574468085,0.02127659574468085,0.0004526935264825713,0.02127659574468085,0.0008865248226950355,0.5,3.8501555919647217,24485.688245587975,18.752236208994873,25311.257207415998,244.85688245587974,564.3350652930972,,,,,,apple-metal-ioreg,Apple M4,10,shared_unified_driver,5047,5.0,18.521081830790568,22.0,97.33495145631068,114.8,225.8,91.28294036061027,96.0,100.0,1.0012,1.05871,1.45872,2.6633,3.08801,3.66054,76.52726372102238,78.9,80.2,nominal,16.0,,,2.18.1,1.2.0,"3.10.21 (main, Aug 14 2026, 15:25:49) [Clang 22.1.3 ]",outputs/controlled-augmentation05-activations-mac2/activations/emnist_balanced/softmax/emnist_balanced/runs/emnist_balanced__unit_interval__all_raw__seed-42/status.json
activation,training,fashion_mnist,relu,fashion_mnist__unit_interval__all_raw__seed-42,completed,2026-08-29T16:18:23.581+00:00,42,unit_interval,all_raw,100,100,17,256,0.0003,0.5,mixed_float16,Adam,10500,10,0.8781904761904762,0.8781904761904762,0.8818018265375256,0.8781904761904762,0.875009941371526,0.9877636432350718,0.3272852599620819,11786.486073706998,11.04419083299581,12261.205987292022,117.86486073706998,623.6867404402673,,,,,,apple-metal-ioreg,Apple M4,10,shared_unified_driver,2494,5.0,20.213672814755412,23.8,82.59759422614275,91.7,156.6,92.79751403368084,97.0,100.0,0.8866,0.9486,1.24948,2.96082,3.61022,4.11147,74.34218123496392,76.8,78.8,nominal,16.0,,,2.18.1,1.2.0,"3.10.21 (main, Aug 14 2026, 15:25:49) [Clang 22.1.3 ]",outputs/controlled-augmentation05-activations-mac2/activations/fashion_mnist/relu/fashion_mnist/runs/fashion_mnist__unit_interval__all_raw__seed-42/status.json
activation,training,fashion_mnist,sigmoid,fashion_mnist__unit_interval__all_raw__seed-42,completed,2026-08-29T20:48:29.652+00:00,42,unit_interval,all_raw,100,100,91,256,0.0003,0.5,mixed_float16,Adam,10500,10,0.9004761904761904,0.9004761904761903,0.9019946165771031,0.9004761904761903,0.9004150282064896,0.9934959435626102,0.2770634591579437,15033.887372297788,21.947290791984415,16199.253084583004,150.33887372297787,489.07670651975576,,,,,,apple-metal-ioreg,Apple M4,10,shared_unified_driver,3260,5.0,19.87116564417178,26.9,76.20736196319018,80.5,153.9,81.75920245398773,87.0,100.0,0.75489,0.81281,1.12437,2.67551,2.98592,3.66252,75.3855828220859,77.9,80.2,nominal,16.0,,,2.18.1,1.2.0,"3.10.21 (main, Aug 14 2026, 15:25:49) [Clang 22.1.3 ]",outputs/controlled-augmentation05-activations-mac2/activations/fashion_mnist/sigmoid/fashion_mnist/runs/fashion_mnist__unit_interval__all_raw__seed-42/status.json
activation,training,fashion_mnist,softmax,fashion_mnist__unit_interval__all_raw__seed-42,completed,2026-08-30T00:11:38.860+00:00,42,unit_interval,all_raw,100,100,1,256,0.0003,0.5,mixed_float16,Adam,10500,10,0.1,0.1,0.01,0.1,0.01818181818181818,0.5,2.3025875091552734,11714.336134247045,11.12894412499736,12182.514467417,117.14336134247046,627.5283115638608,,,,,,apple-metal-ioreg,Apple M4,10,shared_unified_driver,2479,5.0,20.885679709560307,22.9,85.53670835014118,94.60999999999999,154.3,93.20290439693424,97.0,100.0,0.8891,0.9507,1.27406,2.84321,2.96804,3.96657,75.75897539330376,77.9,79.7,nominal,16.0,,,2.18.1,1.2.0,"3.10.21 (main, Aug 14 2026, 15:25:49) [Clang 22.1.3 ]",outputs/controlled-augmentation05-activations-mac2/activations/fashion_mnist/softmax/fashion_mnist/runs/fashion_mnist__unit_interval__all_raw__seed-42/status.json
activation,training,fer2013,relu,fer2013__unit_interval__all_raw__seed-42,completed,2026-09-04T12:27:53.071+00:00,42,unit_interval,all_raw,100,100,38,256,0.0003,0.5,mixed_float16,Adam,5382,7,0.40319583797844666,0.33326571310059394,0.2425645175575903,0.33326571310059394,0.27467925950541716,0.732168027243942,1.4326345920562744,6034.8725276732,6.349081291991752,6301.401455375017,60.348725276732004,624.550126142156,,,,,,apple-metal-ioreg,Apple M4,10,shared_unified_driver,1332,5.0,20.09617117117117,21.6,83.10503003003002,92.39,158.7,91.72597597597597,97.0,100.0,1.05639,1.15229,1.23495,3.57223,4.14357,4.54245,60.076951951951955,63.2,63.9,nominal,16.0,,,2.18.1,1.2.0,"3.10.21 (main, Aug 14 2026, 15:25:49) [Clang 22.1.3 ]",outputs/controlled-augmentation05-activations-mac2/activations/fer2013/relu/fer2013/runs/fer2013__unit_interval__all_raw__seed-42/status.json
activation,training,fer2013,sigmoid,fer2013__unit_interval__all_raw__seed-42,completed,2026-09-04T14:49:51.522+00:00,42,unit_interval,all_raw,100,100,93,256,0.0003,0.5,mixed_float16,Adam,5382,7,0.474544778892605,0.38367297200013273,0.3917092603891036,0.38367297200013273,0.37544408605168644,0.7901162361084377,1.3520190715789795,7879.99381066786,11.216047374997288,8510.208807666,78.7999381066786,478.2819934922941,,,,,,apple-metal-ioreg,Apple M4,10,shared_unified_driver,1760,5.0,18.668352272727276,20.2,74.93886363636364,78.5,157.1,80.45056818181818,86.04999999999995,100.0,0.93097,1.0174,1.08771,3.65871,4.24273,4.63318,61.53028409090909,62.9,63.3,nominal,16.0,,,2.18.1,1.2.0,"3.10.21 (main, Aug 14 2026, 15:25:49) [Clang 22.1.3 ]",outputs/controlled-augmentation05-activations-mac2/activations/fer2013/sigmoid/fer2013/runs/fer2013__unit_interval__all_raw__seed-42/status.json
activation,training,fer2013,softmax,fer2013__unit_interval__all_raw__seed-42,completed,2026-09-08T17:28:59.196+00:00,42,unit_interval,all_raw,100,100,1,256,0.0003,0.5,mixed_float16,Adam,5382,7,0.25046451133407654,0.14285714285714285,0.03578064447629665,0.14285714285714285,0.057227764805773726,0.5,1.810368299484253,3314.870583418,5.912658208999801,3461.832435416,58.155624270491224,648.2822173867844,,,,,,apple-metal-ioreg,Apple M4,10,shared_unified_driver,741,5.0,17.619703103913633,26.5,85.42793522267206,94.2,178.3,91.52226720647774,96.0,100.0,1.07932,1.17445,1.66046,2.16433,2.47063,2.97626,69.2029689608637,70.4,70.9,nominal,16.0,,,2.18.1,1.2.0,"3.10.21 (main, Aug 14 2026, 15:25:49) [Clang 22.1.3 ]",outputs/controlled-augmentation05-activations-mac2/activations/fer2013/softmax/fer2013/runs/fer2013__unit_interval__all_raw__seed-42/status.json
activation,training,gtsrb,relu,gtsrb__unit_interval__all_raw__seed-42,completed,2026-09-04T06:00:27.476+00:00,42,unit_interval,all_raw,100,100,96,256,0.0003,0.5,mixed_float16,Adam,3508,43,0.6875712656784493,0.6790629408497627,0.6212731684118423,0.6790629408497627,0.5775419826324394,0.996768248521118,0.1083059310913086,7528.070932499046,7.351571374980267,7798.529140416998,75.28070932499045,327.49562270005305,,,,,,apple-metal-ioreg,Apple M4,10,shared_unified_driver,1629,5.0,20.03339472068754,30.65999999999999,76.01270718232044,88.8,125.0,92.70656844689994,98.0,100.0,2.81383,2.95398,3.47516,2.02996,2.42947,3.09236,81.56445672191529,85.36,85.9,nominal,16.0,,,2.18.1,1.2.0,"3.10.21 (main, Aug 14 2026, 15:25:49) [Clang 22.1.3 ]",outputs/controlled-augmentation05-activations-mac2/activations/gtsrb/relu/gtsrb/runs/gtsrb__unit_interval__all_raw__seed-42/status.json
activation,training,gtsrb,sigmoid,gtsrb__unit_interval__all_raw__seed-42,completed,2026-09-04T08:30:08.899+00:00,42,unit_interval,all_raw,100,100,99,256,0.0003,0.5,mixed_float16,Adam,3508,43,0.7537058152793614,0.47103194935238374,0.5110619333264625,0.47103194935238374,0.45314684691199203,0.9900735994266582,0.6583009958267212,8550.103520623175,9.180575417005457,8973.212464667013,85.50103520623175,288.32838183150034,,,,,,apple-metal-ioreg,Apple M4,10,shared_unified_driver,1850,5.0,18.368270270270273,20.7,89.71605405405406,99.8,122.5,81.81135135135135,89.0,100.0,2.44686,2.76105,3.04385,2.76701,2.94616,3.5755,75.32713513513514,79.8,84.4,nominal,16.0,,,2.18.1,1.2.0,"3.10.21 (main, Aug 14 2026, 15:25:49) [Clang 22.1.3 ]",outputs/controlled-augmentation05-activations-mac2/activations/gtsrb/sigmoid/gtsrb/runs/gtsrb__unit_interval__all_raw__seed-42/status.json
activation,training,gtsrb,softmax,gtsrb__unit_interval__all_raw__seed-42,completed,2026-09-04T10:42:42.466+00:00,42,unit_interval,all_raw,100,100,100,256,0.0003,0.5,mixed_float16,Adam,3508,43,0.12343215507411631,0.045715016953944636,0.005363381694301165,0.045715016953944636,0.009569220819881642,0.7940075624825272,2.833131790161133,7670.529032121063,7.453635249985382,7945.486108500016,76.70529032121063,321.41417696056715,,,,,,apple-metal-ioreg,Apple M4,10,shared_unified_driver,1653,5.0,16.412401693889898,18.2,72.06884452510587,84.9,122.2,92.22081064730793,98.0,100.0,2.82561,2.94283,3.42282,2.67822,2.8778,3.76639,73.96515426497277,76.5,82.7,nominal,16.0,,,2.18.1,1.2.0,"3.10.21 (main, Aug 14 2026, 15:25:49) [Clang 22.1.3 ]",outputs/controlled-augmentation05-activations-mac2/activations/gtsrb/softmax/gtsrb/runs/gtsrb__unit_interval__all_raw__seed-42/status.json
activation,training,kmnist,relu,kmnist__unit_interval__all_raw__seed-42,completed,2026-08-30T03:31:27.499+00:00,42,unit_interval,all_raw,100,100,90,256,0.0003,0.5,mixed_float16,Adam,10500,10,0.9701904761904762,0.9701904761904763,0.9706152207617865,0.9701904761904763,0.9701596301619635,0.9988536860670194,0.13836397230625153,11512.946026501915,10.756701875012368,11982.510005790973,115.12946026501915,638.4951444114242,,,,,,apple-metal-ioreg,Apple M4,10,shared_unified_driver,2441,5.0,20.853297828758706,23.1,85.05469070053257,94.7,155.2,93.372388365424,97.0,100.0,0.8868,0.94838,1.25781,2.80689,3.0247,3.97411,76.01216714461287,78.5,79.2,nominal,16.0,,,2.18.1,1.2.0,"3.10.21 (main, Aug 14 2026, 15:25:49) [Clang 22.1.3 ]",outputs/controlled-augmentation05-activations-mac2/activations/kmnist/relu/kmnist/runs/kmnist__unit_interval__all_raw__seed-42/status.json
activation,training,kmnist,sigmoid,kmnist__unit_interval__all_raw__seed-42,completed,2026-08-31T22:47:58.842+00:00,42,unit_interval,all_raw,100,100,96,256,0.0003,0.5,mixed_float16,Adam,10500,10,0.9711428571428572,0.971142857142857,0.9712816730012255,0.971142857142857,0.971143229198546,0.9987731872008064,0.10636886209249496,12360.555867666002,21.19540433399925,13306.079204542,147.14947461507143,499.58080360083494,,,,,,apple-metal-ioreg,Apple M4,10,shared_unified_driver,2679,5.0,17.872601717058604,27.5,77.91216871967153,82.1,181.0,80.90332213512505,86.0,100.0,0.95039,1.02174,1.53378,2.78816,2.94659,3.75504,71.95013064576334,73.1,74.7,nominal,16.0,,,2.18.1,1.2.0,"3.10.21 (main, Aug 14 2026, 15:25:49) [Clang 22.1.3 ]",outputs/controlled-augmentation05-activations-mac2/activations/kmnist/sigmoid/kmnist/runs/kmnist__unit_interval__all_raw__seed-42/status.json
activation,training,kmnist,softmax,kmnist__unit_interval__all_raw__seed-42,completed,2026-09-01T02:09:24.676+00:00,42,unit_interval,all_raw,100,100,1,256,0.0003,0.5,mixed_float16,Adam,10500,10,0.1,0.1,0.01,0.1,0.01818181818181818,0.5,2.3025875091552734,11617.33991616201,10.474918500000058,12079.008576957998,116.1733991616201,633.0513574449161,,,,,,apple-metal-ioreg,Apple M4,10,shared_unified_driver,2458,5.0,18.83311635475997,25.7,84.13498779495524,94.0,156.3,92.99145646867372,96.0,100.0,1.02376,1.50086,2.09474,3.01676,3.78199,3.84908,73.46521562245728,76.7,84.8,nominal,16.0,,,2.18.1,1.2.0,"3.10.21 (main, Aug 14 2026, 15:25:49) [Clang 22.1.3 ]",outputs/controlled-augmentation05-activations-mac2/activations/kmnist/softmax/kmnist/runs/kmnist__unit_interval__all_raw__seed-42/status.json
activation,training,mnist,relu,mnist__unit_interval__all_raw__seed-42,completed,2026-08-29T04:56:03.916+00:00,42,unit_interval,all_raw,100,100,81,256,0.0003,0.5,mixed_float16,Adam,10498,10,0.983711183082492,0.9834921216306837,0.9838301459444436,0.9834921216306837,0.9836032804048654,0.9996860233332396,0.05944294109940529,11517.993740995953,10.829697667009896,11978.358890042,115.17993740995954,638.2008853192772,,,,,,apple-metal-ioreg,Apple M4,10,shared_unified_driver,2440,5.0,18.781639344262295,20.5,84.26950819672132,92.90500000000003,154.4,92.98524590163935,97.0,100.0,0.88865,0.96404,1.24889,2.83045,3.11466,3.86116,74.1270081967213,75.8,78.6,nominal,16.0,,,2.18.1,1.2.0,"3.10.21 (main, Aug 14 2026, 15:25:49) [Clang 22.1.3 ]",outputs/controlled-augmentation05-activations-mac2/activations/mnist/relu/mnist/runs/mnist__unit_interval__all_raw__seed-42/status.json
activation,training,mnist,sigmoid,mnist__unit_interval__all_raw__seed-42,completed,2026-08-29T09:29:44.379+00:00,42,unit_interval,all_raw,100,100,99,256,0.0003,0.5,mixed_float16,Adam,10498,10,0.984568489236045,0.984298213400842,0.9844736663561985,0.984298213400842,0.9843664460956557,0.9996534666724741,0.055624689906835556,15238.214463624085,21.720739207987208,16413.70115383301,152.38214463624084,482.3845858829897,,,,,,apple-metal-ioreg,Apple M4,10,shared_unified_driver,3299,5.0,16.89542285541073,18.5,75.52021824795393,79.1,154.9,81.62352227947864,87.0,100.0,0.75666,0.8149,1.12308,3.01276,3.56746,3.99757,73.80833585935132,75.7,76.4,nominal,16.0,,,2.18.1,1.2.0,"3.10.21 (main, Aug 14 2026, 15:25:49) [Clang 22.1.3 ]",outputs/controlled-augmentation05-activations-mac2/activations/mnist/sigmoid/mnist/runs/mnist__unit_interval__all_raw__seed-42/status.json
activation,training,mnist,softmax,mnist__unit_interval__all_raw__seed-42,completed,2026-08-29T12:53:55.780+00:00,42,unit_interval,all_raw,100,100,1,256,0.0003,0.5,mixed_float16,Adam,10498,10,0.11249761859401791,0.1,0.011249761859401792,0.1,0.020224334275194798,0.5,2.3014438152313232,11775.207656631072,11.25788633400225,12245.069674999977,117.75207656631072,624.2558210258813,,,,,,apple-metal-ioreg,Apple M4,10,shared_unified_driver,2489,5.0,19.14580152671756,21.4,82.55343511450381,92.2,156.6,92.65488147850543,97.0,100.0,0.88891,0.95002,1.23009,3.04436,3.54775,4.32884,74.06601044596223,75.6,77.8,nominal,16.0,,,2.18.1,1.2.0,"3.10.21 (main, Aug 14 2026, 15:25:49) [Clang 22.1.3 ]",outputs/controlled-augmentation05-activations-mac2/activations/mnist/softmax/mnist/runs/mnist__unit_interval__all_raw__seed-42/status.json
activation,training,svhn,relu,svhn__unit_interval__all_raw__seed-42,completed,2026-09-03T15:20:53.698+00:00,42,unit_interval,all_raw,100,100,46,256,0.0003,0.5,mixed_float16,Adam,14893,10,0.8644329550795676,0.8499296363879143,0.8978104270907558,0.8499296363879143,0.8686267801464617,0.9860165485257226,0.4233870208263397,18871.485311626137,15.26818479099893,19514.377896249993,188.71485311626137,552.4598866173858,,,,,,apple-metal-ioreg,Apple M4,10,shared_unified_driver,3906,5.0,19.425396825396827,21.9,96.57713773681515,107.85000000000001,220.6,91.86712749615975,97.0,100.0,1.05137,1.15911,1.81766,3.20598,3.80408,4.11978,74.98630312339989,77.7,84.1,nominal,16.0,,,2.18.1,1.2.0,"3.10.21 (main, Aug 14 2026, 15:25:49) [Clang 22.1.3 ]",outputs/controlled-augmentation05-activations-mac2/activations/svhn/relu/svhn/runs/svhn__unit_interval__all_raw__seed-42/status.json
activation,training,svhn,sigmoid,svhn__unit_interval__all_raw__seed-42,completed,2026-09-03T22:21:45.579+00:00,42,unit_interval,all_raw,100,100,90,256,0.0003,0.5,mixed_float16,Adam,14893,10,0.8775935003021553,0.8612291523015008,0.8827701003006678,0.8612291523015008,0.8706552052411359,0.9896145798313372,0.38693469762802124,23688.787680082343,29.91733775002649,25244.04346120899,236.88787680082342,440.1637813830272,,,,,,apple-metal-ioreg,Apple M4,10,shared_unified_driver,5012,5.0,18.1006584197925,20.2,87.72276536312849,92.8,220.5,81.32701516360734,87.0,100.0,0.71636,0.78246,1.63098,3.2107,3.86951,4.36784,73.64070231444533,77.3,82.6,nominal,16.0,,,2.18.1,1.2.0,"3.10.21 (main, Aug 14 2026, 15:25:49) [Clang 22.1.3 ]",outputs/controlled-augmentation05-activations-mac2/activations/svhn/sigmoid/svhn/runs/svhn__unit_interval__all_raw__seed-42/status.json
activation,training,svhn,softmax,svhn__unit_interval__all_raw__seed-42,completed,2026-09-04T03:50:20.503+00:00,42,unit_interval,all_raw,100,100,1,256,0.0003,0.5,mixed_float16,Adam,14893,10,0.1909621970053045,0.1,0.01909621970053045,0.1,0.03206855725319953,0.5,2.2577826976776123,19072.648208710074,15.970344208006281,19706.216260833986,190.72648208710075,546.6188317178689,,,,,,apple-metal-ioreg,Apple M4,10,shared_unified_driver,3934,5.0,19.833528215556687,22.6,96.73154550076259,108.2,216.8,92.36349771225215,97.0,100.0,0.86502,0.93449,1.27556,3.53021,4.13074,5.12083,71.5895526182003,73.1,79.2,nominal,16.0,,,2.18.1,1.2.0,"3.10.21 (main, Aug 14 2026, 15:25:49) [Clang 22.1.3 ]",outputs/controlled-augmentation05-activations-mac2/activations/svhn/softmax/svhn/runs/svhn__unit_interval__all_raw__seed-42/status.json
quantization,training,cifar10,fp16,cifar10__unit_interval__all_raw__seed-42,completed,2026-09-15T05:45:00.502+00:00,42,unit_interval,all_raw,100,100,91,256,0.0003,0.5,mixed_float16,Adam,9000,10,0.7024444444444444,0.7024444444444444,0.7048354175151258,0.7024444444444444,0.7018248810250176,0.9550966186556927,0.8713628649711609,13690.623336786015,17.841291167002055,14621.126834334002,136.90623336786015,460.18551146567944,,,,,,apple-metal-ioreg,Apple M4,10,shared_unified_driver,2946,5.0,14.638492871690428,16.5,94.32169042769858,114.9,219.0,83.1388323150034,90.0,100.0,0.77616,0.87366,1.17906,3.53733,4.13099,4.29311,69.99640190088255,71.6,74.1,nominal,16.0,,,2.18.1,1.2.0,"3.10.21 (main, Aug 14 2026, 15:25:49) [Clang 22.1.3 ]",outputs/controlled-quantization-fast-mac-m4/quantization/cifar10/fp16/cifar10/runs/cifar10__unit_interval__all_raw__seed-42/status.json
quantization,training,cifar10,fp32,cifar10__unit_interval__all_raw__seed-42,completed,2026-09-15T01:41:13.538+00:00,42,unit_interval,all_raw,100,100,98,256,0.0003,0.5,float32,Adam,9000,10,0.6981111111111111,0.6981111111111111,0.7010039217265073,0.6981111111111111,0.697778940489363,0.9523774622770921,0.8906759023666382,8527.387598376006,8.44927587499842,8857.824317416998,85.27387598376006,738.9135133006025,,,,,,apple-metal-ioreg,Apple M4,10,shared_unified_driver,1832,5.0,19.80032751091703,23.245000000000005,110.41686681222708,134.5,221.9,89.81495633187772,95.0,100.0,0.97638,1.32754,1.69385,3.15751,3.7614,3.89915,72.22756550218341,75.1,79.1,nominal,16.0,,,2.18.1,1.2.0,"3.10.21 (main, Aug 14 2026, 15:25:49) [Clang 22.1.3 ]",outputs/controlled-quantization-fast-mac-m4/quantization/cifar10/fp32/cifar10/runs/cifar10__unit_interval__all_raw__seed-42/status.json
quantization,post_training_quantization_evaluation,cifar10,int8_ptq,cifar10__unit_interval__all_raw__seed-42,completed,2026-09-15T21:58:51.637996+00:00,42,unit_interval,all_raw,,,,,,,,,9000,,0.6873333333333334,0.6873333333333334,0.6864651331980448,0.6873333333333334,0.6844457182835249,0.9497892592592592,,,,,,,310240,256,595.9387148714346,21.343974458550292,429.1665411059427,,,,,,,,,,,,,,,,,,,,,,,,,,,,,,,outputs/controlled-quantization-fast-mac-m4/quantization/cifar10/int8_ptq/cifar10/runs/cifar10__unit_interval__all_raw__seed-42/status.json
quantization,training,cifar100_coarse,fp16,cifar100_coarse__unit_interval__all_raw__seed-42,completed,2026-09-16T01:57:53.238+00:00,42,unit_interval,all_raw,100,100,97,256,0.0003,0.5,mixed_float16,Adam,9000,20,0.4481111111111111,0.448111111111111,0.4653464199939146,0.448111111111111,0.4525751619247962,0.8932513905133204,1.8306419849395752,14134.35880370501,17.125478250000015,14860.640596375,141.3435880370501,445.818416577331,,,,,,apple-metal-ioreg,Apple M4,10,shared_unified_driver,3010,5.0,30.355980066445184,33.5,96.50212624584718,113.05500000000002,203.7,87.97408637873754,94.0,100.0,1.37763,1.54714,2.07417,1.84798,2.57946,3.67995,79.20637873754153,83.15500000000002,84.4,nominal,16.0,,,2.18.1,1.2.0,"3.10.21 (main, Aug 14 2026, 15:25:49) [Clang 22.1.3 ]",outputs/controlled-quantization-fast-mac-m4/quantization/cifar100_coarse/fp16/cifar100_coarse/runs/cifar100_coarse__unit_interval__all_raw__seed-42/status.json
quantization,training,cifar100_coarse,fp32,cifar100_coarse__unit_interval__all_raw__seed-42,completed,2026-09-15T21:50:06.248+00:00,42,unit_interval,all_raw,100,100,92,256,0.0003,0.5,float32,Adam,9000,20,0.44477777777777777,0.44477777777777777,0.4545867659585884,0.44477777777777777,0.44626758183397214,0.8921461988304094,1.8362908363342285,5205.311008330998,8.702090124999813,5408.7900975,89.74674152294823,702.5526788875216,,,,,,apple-metal-ioreg,Apple M4,10,shared_unified_driver,1119,5.0,30.52046470062556,35.7,112.55290437890974,133.05999999999986,208.3,88.95710455764075,95.0,100.0,0.76474,0.83961,1.38039,2.70323,3.04142,3.23849,70.7687220732797,73.9,79.4,nominal,16.0,,,2.18.1,1.2.0,"3.10.21 (main, Aug 14 2026, 15:25:49) [Clang 22.1.3 ]",outputs/controlled-quantization-fast-mac-m4/quantization/cifar100_coarse/fp32/cifar100_coarse/runs/cifar100_coarse__unit_interval__all_raw__seed-42/status.json
quantization,post_training_quantization_evaluation,cifar100_coarse,int8_ptq,cifar100_coarse__unit_interval__all_raw__seed-42,completed,2026-09-16T02:07:54.333203+00:00,42,unit_interval,all_raw,,,,,,,,,9000,,0.4156666666666667,0.41566666666666674,0.42695780854752047,0.41566666666666674,0.41504506542956543,0.8782790773229369,,,,,,,313080,256,611.8765886857416,21.734277841151197,420.7205996455177,,,,,,,,,,,,,,,,,,,,,,,,,,,,,,,outputs/controlled-quantization-fast-mac-m4/quantization/cifar100_coarse/int8_ptq/cifar100_coarse/runs/cifar100_coarse__unit_interval__all_raw__seed-42/status.json
quantization,training,emnist_balanced,fp16,emnist_balanced__unit_interval__all_raw__seed-42,completed,2026-09-14T23:13:28.785+00:00,42,unit_interval,all_raw,100,100,80,256,0.0003,0.5,mixed_float16,Adam,19740,47,0.8717325227963526,0.8717325227963525,0.8732973752467523,0.8717325227963525,0.8701217280566239,0.9972509077636605,0.36399486660957336,9783.962368374001,37.281624416998966,10471.180973916,287.76359906982356,480.2239751080617,,,,,,apple-metal-ioreg,Apple M4,10,shared_unified_driver,2082,5.0,18.605763688760806,23.095000000000006,95.65259365994237,100.2,224.9,81.48270893371757,88.0,100.0,1.05603,1.49696,1.78638,2.67058,2.94189,3.78896,72.28760806916426,73.5,74.6,nominal,16.0,,,2.18.1,1.2.0,"3.10.21 (main, Aug 14 2026, 15:25:49) [Clang 22.1.3 ]",outputs/controlled-quantization-fast-mac-m4/quantization/emnist_balanced/fp16/emnist_balanced/runs/emnist_balanced__unit_interval__all_raw__seed-42/status.json
quantization,training,emnist_balanced,fp32,emnist_balanced__unit_interval__all_raw__seed-42,completed,2026-09-11T21:43:20.524+00:00,42,unit_interval,all_raw,100,100,90,256,0.0003,0.5,float32,Adam,19740,47,0.8731003039513677,0.873100303951368,0.8767043369169258,0.873100303951368,0.8714401163309627,0.9972451549229006,0.3648623526096344,18045.753178078012,18.429213166993577,18736.374560624987,180.45753178078013,765.7351402731432,,,,,,apple-metal-ioreg,Apple M4,10,shared_unified_driver,3739,5.0,28.895426584648302,34.9,109.20550949451726,138.31,225.6,89.45894624231077,95.0,100.0,0.7793,1.03155,1.44252,2.76016,4.0036,4.13263,73.44030489435677,77.7,80.1,nominal,16.0,,,2.18.1,1.2.0,"3.10.21 (main, Aug 14 2026, 15:25:49) [Clang 22.1.3 ]",outputs/controlled-quantization-fast-mac-m4/quantization/emnist_balanced/fp32/emnist_balanced/runs/emnist_balanced__unit_interval__all_raw__seed-42/status.json
quantization,post_training_quantization_evaluation,emnist_balanced,int8_ptq,emnist_balanced__unit_interval__all_raw__seed-42,completed,2026-09-15T21:44:02.724590+00:00,42,unit_interval,all_raw,,,,,,,,,19740,,0.8691489361702127,0.8691489361702128,0.8730437286385357,0.8691489361702128,0.8671636572723551,0.9971643241015183,,,,,,,320576,256,616.9005852272687,47.95746196059999,414.9895615731745,,,,,,,,,,,,,,,,,,,,,,,,,,,,,,,outputs/controlled-quantization-fast-mac-m4/quantization/emnist_balanced/int8_ptq/emnist_balanced/runs/emnist_balanced__unit_interval__all_raw__seed-42/status.json
quantization,training,fashion_mnist,fp16,fashion_mnist__unit_interval__all_raw__seed-42,completed,2026-09-11T09:57:31.423+00:00,42,unit_interval,all_raw,100,100,85,256,0.0003,0.5,mixed_float16,Adam,10500,10,0.9099047619047619,0.9099047619047619,0.909783811891072,0.9099047619047619,0.9097322311362653,0.9941950214159737,0.25368547439575195,14000.873487531964,20.145989958997234,15078.606740666,140.00873487531965,525.1852616176765,,,,,,apple-metal-ioreg,Apple M4,10,shared_unified_driver,3035,5.0,14.717462932454696,15.9,84.2209884678748,88.7,155.8,82.24843492586491,87.0,95.0,1.02114,1.11764,1.15224,3.50271,4.01209,4.13098,70.87156507413509,72.9,74.8,nominal,16.0,,,2.18.1,1.2.0,"3.10.21 (main, Aug 14 2026, 15:25:49) [Clang 22.1.3 ]",outputs/controlled-quantization-fast-mac-m4/quantization/fashion_mnist/fp16/fashion_mnist/runs/fashion_mnist__unit_interval__all_raw__seed-42/status.json
quantization,training,fashion_mnist,fp32,fashion_mnist__unit_interval__all_raw__seed-42,completed,2026-09-11T05:46:06.211+00:00,42,unit_interval,all_raw,100,100,92,256,0.0003,0.5,float32,Adam,10500,10,0.9099047619047619,0.9099047619047619,0.9094872709868213,0.9099047619047619,0.9094727837966083,0.9943436583522297,0.24855220317840576,8243.332387450922,9.57443599999533,8615.232319042,82.43332387450923,891.8286683688931,,,,,,apple-metal-ioreg,Apple M4,10,shared_unified_driver,1780,5.0,16.15,17.5,92.07949438202247,97.7,173.5,91.69044943820225,95.0,100.0,1.0088,1.07527,1.15114,3.59655,4.01874,4.21472,70.53095505617978,72.7,74.0,nominal,16.0,,,2.18.1,1.2.0,"3.10.21 (main, Aug 14 2026, 15:25:49) [Clang 22.1.3 ]",outputs/controlled-quantization-fast-mac-m4/quantization/fashion_mnist/fp32/fashion_mnist/runs/fashion_mnist__unit_interval__all_raw__seed-42/status.json
quantization,post_training_quantization_evaluation,fashion_mnist,int8_ptq,fashion_mnist__unit_interval__all_raw__seed-42,completed,2026-09-15T20:54:03.809423+00:00,42,unit_interval,all_raw,,,,,,,,,10500,,0.7200952380952381,0.7200952380952381,0.7332094846492538,0.7200952380952381,0.7180036319498746,0.9648086570924667,,,,,,,310072,256,615.4632195121965,25.634749804199895,416.2077879995641,,,,,,,,,,,,,,,,,,,,,,,,,,,,,,,outputs/controlled-quantization-fast-mac-m4/quantization/fashion_mnist/int8_ptq/fashion_mnist/runs/fashion_mnist__unit_interval__all_raw__seed-42/status.json
quantization,training,fer2013,fp16,fer2013__unit_interval__all_raw__seed-42,completed,2026-09-16T23:03:59.423+00:00,42,unit_interval,all_raw,100,100,51,256,0.0003,0.5,mixed_float16,Adam,5382,7,0.4819769602378298,0.4268614997300898,0.498219103811414,0.4268614997300898,0.44140271535899284,0.8051155236155855,1.35372793674469,7348.872377247928,11.385484416998224,7921.256428375011,73.48872377247928,512.9619472323824,,,,,,apple-metal-ioreg,Apple M4,10,shared_unified_driver,1649,5.0,17.832019405700425,24.5,84.37835051546391,88.46,153.5,82.27471194663433,88.0,100.0,0.8395,1.50207,1.97119,3.06517,3.75565,3.78911,67.92110369921164,73.4,79.6,nominal,16.0,,,2.18.1,1.2.0,"3.10.21 (main, Aug 14 2026, 15:25:49) [Clang 22.1.3 ]",outputs/controlled-quantization-fast-mac-m4/quantization/fer2013/fp16/fer2013/runs/fer2013__unit_interval__all_raw__seed-42/status.json
quantization,training,fer2013,fp32,fer2013__unit_interval__all_raw__seed-42,completed,2026-09-16T20:51:49.401+00:00,42,unit_interval,all_raw,100,100,42,256,0.0003,0.5,float32,Adam,5382,7,0.4875510962467484,0.427498010960412,0.4740338218720526,0.427498010960412,0.4368447289221991,0.8081072835403148,1.3437438011169434,4268.555608295035,5.583921292010928,4476.7245326669945,42.68555608295035,883.5778051341194,,,,,,apple-metal-ioreg,Apple M4,10,shared_unified_driver,980,5.0,20.399591836734693,26.604999999999997,91.8819387755102,98.10499999999999,160.0,91.0295918367347,95.0,100.0,1.01136,1.50982,1.7887,2.90533,3.50047,3.56155,63.85520408163265,70.505,74.2,nominal,16.0,,,2.18.1,1.2.0,"3.10.21 (main, Aug 14 2026, 15:25:49) [Clang 22.1.3 ]",outputs/controlled-quantization-fast-mac-m4/quantization/fer2013/fp32/fer2013/runs/fer2013__unit_interval__all_raw__seed-42/status.json
quantization,post_training_quantization_evaluation,fer2013,int8_ptq,fer2013__unit_interval__all_raw__seed-42,completed,2026-09-17T00:53:52.047855+00:00,42,unit_interval,all_raw,,,,,,,,,5382,,0.4288368636194723,0.3729588299156812,0.4237826423556669,0.3729588299156812,0.3780750923598495,0.7680453520527768,,,,,,,309216,256,540.1898085477851,11.372239347852155,473.84745331487704,,,,,,,,,,,,,,,,,,,,,,,,,,,,,,,outputs/controlled-quantization-fast-mac-m4/quantization/fer2013/int8_ptq/fer2013/runs/fer2013__unit_interval__all_raw__seed-42/status.json
quantization,training,gtsrb,fp16,gtsrb__unit_interval__all_raw__seed-42,completed,2026-09-16T19:37:06.293+00:00,42,unit_interval,all_raw,100,100,89,256,0.0003,0.5,mixed_float16,Adam,3508,43,0.9817559863169898,0.9816814391906762,0.9799153362728689,0.9816814391906762,0.9802500678582486,0.9999407877338437,0.06328748166561127,0.34912508400157094,9.625958624994382,11.784708040999249,,,,,,,,apple-metal-ioreg,Apple M4,10,shared_unified_driver,10,5.0,18.07,28.415,65.87,103.12,106.0,43.9,76.0,76.0,1.47849,3.25682,3.25932,1.03405,1.89719,1.89864,62.54,69.5,69.5,nominal,16.0,,,2.18.1,1.2.0,"3.10.21 (main, Aug 14 2026, 15:25:49) [Clang 22.1.3 ]",outputs/controlled-quantization-fast-mac-m4/quantization/gtsrb/fp16/gtsrb/runs/gtsrb__unit_interval__all_raw__seed-42/status.json
quantization,training,gtsrb,fp32,gtsrb__unit_interval__all_raw__seed-42,completed,2026-09-16T16:00:17.704+00:00,42,unit_interval,all_raw,100,100,96,256,0.0003,0.5,float32,Adam,3508,43,0.9848916761687572,0.9762263917509624,0.9778267937152494,0.9762263917509624,0.9761673289443108,0.9999506265678076,0.04385523870587349,7494.524820419028,9.207399584003724,7905.9432830000005,91.39664415145157,269.7544028748191,,,,,,apple-metal-ioreg,Apple M4,10,shared_unified_driver,1636,5.0,26.410696821515895,32.2,65.53355745721271,81.7,177.0,93.59413202933985,100.0,100.0,4.69847,5.09853,5.67049,1.00521,1.1907,2.188,87.6421760391198,88.6,89.2,nominal,16.0,,,2.18.1,1.2.0,"3.10.21 (main, Aug 14 2026, 15:25:49) [Clang 22.1.3 ]",outputs/controlled-quantization-fast-mac-m4/quantization/gtsrb/fp32/gtsrb/runs/gtsrb__unit_interval__all_raw__seed-42/status.json
quantization,post_training_quantization_evaluation,gtsrb,int8_ptq,gtsrb__unit_interval__all_raw__seed-42,completed,2026-09-17T00:45:31.285857+00:00,42,unit_interval,all_raw,,,,,,,,,3508,,0.8215507411630558,0.8033434157480062,0.8284572419721592,0.8033434157480062,0.7919008599414564,0.993729464138789,,,,,,,319608,256,2114.301899038345,27.713630823250423,120.92434737080963,,,,,,,,,,,,,,,,,,,,,,,,,,,,,,,outputs/controlled-quantization-fast-mac-m4/quantization/gtsrb/int8_ptq/gtsrb/runs/gtsrb__unit_interval__all_raw__seed-42/status.json
quantization,training,kmnist,fp16,kmnist__unit_interval__all_raw__seed-42,completed,2026-09-11T16:30:55.775+00:00,42,unit_interval,all_raw,100,100,97,256,0.0003,0.5,mixed_float16,Adam,10500,10,0.9845714285714285,0.9845714285714285,0.9845991414989133,0.9845714285714285,0.9845696371478161,0.9997089443184681,0.06062240153551102,13910.258495335001,21.010433750008815,14997.230456167003,139.10258495335,528.4507201698806,,,,,,apple-metal-ioreg,Apple M4,10,shared_unified_driver,3020,5.0,16.627119205298015,19.5,84.05629139072848,87.9,155.0,82.13112582781457,87.0,100.0,1.01012,1.10716,1.16298,3.3315,3.87676,4.71738,71.26407284768212,74.2,76.9,nominal,16.0,,,2.18.1,1.2.0,"3.10.21 (main, Aug 14 2026, 15:25:49) [Clang 22.1.3 ]",outputs/controlled-quantization-fast-mac-m4/quantization/kmnist/fp16/kmnist/runs/kmnist__unit_interval__all_raw__seed-42/status.json
quantization,training,kmnist,fp32,kmnist__unit_interval__all_raw__seed-42,completed,2026-09-11T12:20:51.791+00:00,42,unit_interval,all_raw,100,100,84,256,0.0003,0.5,float32,Adam,10500,10,0.981904761904762,0.9819047619047618,0.9819670004214895,0.9819047619047618,0.9819151074495167,0.999622343159486,0.0690351128578186,8221.165905831978,9.597896708990447,8593.779578834,82.21165905831978,894.2269117628937,,,,,,apple-metal-ioreg,Apple M4,10,shared_unified_driver,1775,5.0,16.445577464788734,18.2,92.66056338028169,98.1,175.6,91.86366197183098,95.0,100.0,0.99229,1.06413,1.13365,3.67913,4.2,4.2657,69.82687323943662,72.3,74.1,nominal,16.0,,,2.18.1,1.2.0,"3.10.21 (main, Aug 14 2026, 15:25:49) [Clang 22.1.3 ]",outputs/controlled-quantization-fast-mac-m4/quantization/kmnist/fp32/kmnist/runs/kmnist__unit_interval__all_raw__seed-42/status.json
quantization,post_training_quantization_evaluation,kmnist,int8_ptq,kmnist__unit_interval__all_raw__seed-42,completed,2026-09-15T21:11:37.217846+00:00,42,unit_interval,all_raw,,,,,,,,,10500,,0.9654285714285714,0.9654285714285715,0.9658341634150954,0.9654285714285715,0.9654581735401766,0.9989262232300329,,,,,,,310072,256,617.6718912682956,25.624982100299896,414.9461338043074,,,,,,,,,,,,,,,,,,,,,,,,,,,,,,,outputs/controlled-quantization-fast-mac-m4/quantization/kmnist/int8_ptq/kmnist/runs/kmnist__unit_interval__all_raw__seed-42/status.json
quantization,training,mnist,fp16,mnist__unit_interval__all_raw__seed-42,completed,2026-09-11T03:22:24.730+00:00,42,unit_interval,all_raw,100,100,94,256,0.0003,0.5,mixed_float16,Adam,10498,10,0.9883787388073919,0.9882661521351654,0.9882072777147977,0.9882661521351654,0.9882288433789457,0.9997592562078716,0.041718848049640656,5660.774596454976,20.800129416995333,6128.686042250003,138.0676730842677,532.4581738488218,,,,,,apple-metal-ioreg,Apple M4,10,shared_unified_driver,1241,5.0,15.02119258662369,16.5,83.57751813053989,87.2,189.0,82.27961321514907,88.0,100.0,1.04623,1.1418,1.57433,3.05755,3.30042,3.88705,70.26591458501208,72.4,74.8,nominal,16.0,,,2.18.1,1.2.0,"3.10.21 (main, Aug 14 2026, 15:25:49) [Clang 22.1.3 ]",outputs/controlled-quantization-fast-mac-m4/quantization/mnist/fp16/mnist/runs/mnist__unit_interval__all_raw__seed-42/status.json
quantization,training,mnist,fp32,mnist__unit_interval__all_raw__seed-42,completed,2026-09-10T03:15:59.682+00:00,42,unit_interval,all_raw,100,100,99,256,0.0003,0.5,float32,Adam,10498,10,0.989521813678796,0.9894016709252235,0.9894750333483764,0.9894016709252235,0.9894209597214697,0.9997860860036946,0.039895929396152496,8259.123596507983,9.907514167003683,8634.962169332997,82.59123596507983,890.1697732942579,,,,,,apple-metal-ioreg,Apple M4,10,shared_unified_driver,1779,5.0,16.85964024732996,19.1,92.22265317594155,97.6,172.7,91.80101180438449,95.0,100.0,0.74562,0.82152,1.65137,4.09114,4.37489,4.93565,67.28954468802698,68.6,69.9,nominal,16.0,,,2.18.1,1.2.0,"3.10.21 (main, Aug 14 2026, 15:25:49) [Clang 22.1.3 ]",outputs/controlled-quantization-fast-mac-m4/quantization/mnist/fp32/mnist/runs/mnist__unit_interval__all_raw__seed-42/status.json
quantization,post_training_quantization_evaluation,mnist,int8_ptq,mnist__unit_interval__all_raw__seed-42,completed,2026-09-15T20:36:31.567893+00:00,42,unit_interval,all_raw,,,,,,,,,10498,,0.9834254143646409,0.9832820811846471,0.9833710895603452,0.9832820811846471,0.983248518917577,0.999678533028302,,,,,,,310072,256,612.5689146341488,25.529483431400024,417.8336246113163,,,,,,,,,,,,,,,,,,,,,,,,,,,,,,,outputs/controlled-quantization-fast-mac-m4/quantization/mnist/int8_ptq/mnist/runs/mnist__unit_interval__all_raw__seed-42/status.json
quantization,training,svhn,fp16,svhn__unit_interval__all_raw__seed-42,completed,2026-09-16T13:28:36.630+00:00,42,unit_interval,all_raw,100,100,98,256,0.0003,0.5,mixed_float16,Adam,14893,10,0.912374941247566,0.9047059968489609,0.9085403636943589,0.9047059968489609,0.9064201085158354,0.9936869530276509,0.29182809591293335,22852.850777423955,27.45946754200122,24006.313672332995,230.8368765396359,451.6748825122926,,,,,,apple-metal-ioreg,Apple M4,10,shared_unified_driver,4793,5.0,28.83841018151471,32.4,95.44733987064468,98.7,197.4,87.29146672230335,95.0,100.0,1.68821,1.78632,3.85585,1.8677,2.91012,3.16779,78.90853327769663,83.4,86.3,nominal,16.0,,,2.18.1,1.2.0,"3.10.21 (main, Aug 14 2026, 15:25:49) [Clang 22.1.3 ]",outputs/controlled-quantization-fast-mac-m4/quantization/svhn/fp16/svhn/runs/svhn__unit_interval__all_raw__seed-42/status.json
quantization,training,svhn,fp32,svhn__unit_interval__all_raw__seed-42,completed,2026-09-16T06:43:04.569+00:00,42,unit_interval,all_raw,100,100,98,256,0.0003,0.5,float32,Adam,14893,10,0.9144564560531794,0.9080829456989749,0.9112962580202841,0.9080829456989749,0.9095145737876915,0.9936891753597769,0.2835049629211426,15886.38561575102,14.483905583001615,16505.020787792004,163.77717129640226,636.6125783416667,,,,,,apple-metal-ioreg,Apple M4,10,shared_unified_driver,3334,5.0,28.969466106778643,35.13499999999999,100.84298140371925,113.835,209.3,96.1121775644871,99.0,100.0,1.52894,1.71234,1.90329,1.77188,2.48008,3.8643,79.3882723455309,83.5,84.4,nominal,16.0,,,2.18.1,1.2.0,"3.10.21 (main, Aug 14 2026, 15:25:49) [Clang 22.1.3 ]",outputs/controlled-quantization-fast-mac-m4/quantization/svhn/fp32/svhn/runs/svhn__unit_interval__all_raw__seed-42/status.json
quantization,post_training_quantization_evaluation,svhn,int8_ptq,svhn__unit_interval__all_raw__seed-42,completed,2026-09-16T13:48:25.586800+00:00,42,unit_interval,all_raw,,,,,,,,,14893,,0.9097562613308265,0.9028842776041103,0.9071425095734528,0.9028842776041103,0.904730890350311,0.9931178416432627,,,,,,,310240,256,637.880112422424,37.55053610015129,400.7119413398597,,,,,,,,,,,,,,,,,,,,,,,,,,,,,,,outputs/controlled-quantization-fast-mac-m4/quantization/svhn/int8_ptq/svhn/runs/svhn__unit_interval__all_raw__seed-42/status.json
