dataset_key,dataset,activation_key,activation,status,epochs_completed,test_accuracy,test_balanced_accuracy,test_macro_f1,test_macro_precision,test_macro_recall,test_loss,test_samples,training_seconds,evaluation_seconds,mean_epoch_seconds,mean_train_examples_per_second,telemetry_samples,gpu_util_mean_pct,gpu_util_max_pct,gpu_memory_mean_bytes,peak_gpu_memory_bytes,process_cpu_mean_pct,peak_process_cpu_pct,process_rss_mean_bytes,peak_process_rss_bytes,ram_mean_pct,peak_ram_percent,thermal_pressure,metric_path
mnist,MNIST,relu,ReLU,completed,100,0.983711183082492,0.9834921216306837,0.9836032804048654,0.9838301459444436,0.9834921216306837,0.05944294109940529,10498,11517.993740995953,10.829697667009896,115.17993740995954,638.2008853192772,2440,92.98524590163935,100.0,954179046.8196721,1340981248.0,84.26950819672132,154.4,3039171607.5016394,4145889280.0,74.1270081967213,78.6,nominal,outputs/controlled-augmentation05-activations-mac2/activations/mnist/relu/mnist/runs/mnist__unit_interval__all_raw__seed-42/artifacts/test_metrics.json
mnist,MNIST,sigmoid,Sigmoid,completed,100,0.984568489236045,0.984298213400842,0.9843664460956557,0.9844736663561985,0.984298213400842,0.055624689906835556,10498,15238.214463624085,21.720739207987208,152.38214463624084,482.3845858829897,3299,81.62352227947864,100.0,812461274.2091542,1205895168.0,75.52021824795393,154.9,3234922426.4710517,4292362240.0,73.80833585935132,76.4,nominal,outputs/controlled-augmentation05-activations-mac2/activations/mnist/sigmoid/mnist/runs/mnist__unit_interval__all_raw__seed-42/artifacts/test_metrics.json
mnist,MNIST,softmax,Softmax,completed,100,0.11249761859401791,0.1,0.020224334275194798,0.011249761859401792,0.1,2.3014438152313232,10498,11775.207656631072,11.25788633400225,117.75207656631072,624.2558210258813,2489,92.65488147850543,100.0,954462407.1225392,1320796160.0,82.55343511450381,156.6,3268853016.1703496,4648058880.0,74.06601044596223,77.8,nominal,outputs/controlled-augmentation05-activations-mac2/activations/mnist/softmax/mnist/runs/mnist__unit_interval__all_raw__seed-42/artifacts/test_metrics.json
fashion_mnist,Fashion-MNIST,relu,ReLU,completed,100,0.8781904761904762,0.8781904761904762,0.875009941371526,0.8818018265375256,0.8781904761904762,0.3272852599620819,10500,11786.486073706998,11.04419083299581,117.86486073706998,623.6867404402673,2494,92.79751403368084,100.0,951980751.3456295,1341620224.0,82.59759422614275,156.6,3179155498.700882,4414652416.0,74.34218123496392,78.8,nominal,outputs/controlled-augmentation05-activations-mac2/activations/fashion_mnist/relu/fashion_mnist/runs/fashion_mnist__unit_interval__all_raw__seed-42/artifacts/test_metrics.json
fashion_mnist,Fashion-MNIST,sigmoid,Sigmoid,completed,100,0.9004761904761904,0.9004761904761903,0.9004150282064896,0.9019946165771031,0.9004761904761903,0.2770634591579437,10500,15033.887372297788,21.947290791984415,150.33887372297787,489.07670651975576,3260,81.75920245398773,100.0,810558666.2871165,1207287808.0,76.20736196319018,153.9,2872803659.7006135,3932602368.0,75.3855828220859,80.2,nominal,outputs/controlled-augmentation05-activations-mac2/activations/fashion_mnist/sigmoid/fashion_mnist/runs/fashion_mnist__unit_interval__all_raw__seed-42/artifacts/test_metrics.json
fashion_mnist,Fashion-MNIST,softmax,Softmax,completed,100,0.1,0.1,0.01818181818181818,0.01,0.1,2.3025875091552734,10500,11714.336134247045,11.12894412499736,117.14336134247046,627.5283115638608,2479,93.20290439693424,100.0,954661537.3037515,1368014848.0,85.53670835014118,154.3,3052872509.444131,4259069952.0,75.75897539330376,79.7,nominal,outputs/controlled-augmentation05-activations-mac2/activations/fashion_mnist/softmax/fashion_mnist/runs/fashion_mnist__unit_interval__all_raw__seed-42/artifacts/test_metrics.json
kmnist,KMNIST,relu,ReLU,completed,100,0.9701904761904762,0.9701904761904763,0.9701596301619635,0.9706152207617865,0.9701904761904763,0.13836397230625153,10500,11512.946026501915,10.756701875012368,115.12946026501915,638.4951444114242,2441,93.372388365424,100.0,952196767.619828,1350565888.0,85.05469070053257,155.2,3013869823.0561247,4267163648.0,76.01216714461287,79.2,nominal,outputs/controlled-augmentation05-activations-mac2/activations/kmnist/relu/kmnist/runs/kmnist__unit_interval__all_raw__seed-42/artifacts/test_metrics.json
kmnist,KMNIST,sigmoid,Sigmoid,completed,100,0.9711428571428572,0.971142857142857,0.971143229198546,0.9712816730012255,0.971142857142857,0.10636886209249496,10500,12360.555867666002,21.19540433399925,147.14947461507143,499.58080360083494,2679,80.90332213512505,100.0,1020473905.1168346,1646886912.0,77.91216871967153,181.0,2993760932.550952,4031938560.0,71.95013064576334,74.7,nominal,outputs/controlled-augmentation05-activations-mac2/activations/kmnist/sigmoid/kmnist/runs/kmnist__unit_interval__all_raw__seed-42/artifacts/test_metrics.json
kmnist,KMNIST,softmax,Softmax,completed,100,0.1,0.1,0.01818181818181818,0.01,0.1,2.3025875091552734,10500,11617.33991616201,10.474918500000058,116.1733991616201,633.0513574449161,2458,92.99145646867372,100.0,1099251712.0,2249211904.0,84.13498779495524,156.3,3239216757.06428,4132913152.0,73.46521562245728,84.8,nominal,outputs/controlled-augmentation05-activations-mac2/activations/kmnist/softmax/kmnist/runs/kmnist__unit_interval__all_raw__seed-42/artifacts/test_metrics.json
emnist_balanced,EMNIST Balanced,relu,ReLU,completed,100,0.8486322188449849,0.8486322188449849,0.8441570669230694,0.8594747894016104,0.8486322188449849,0.5687423348426819,19740,13731.53303004001,18.5448203750002,236.7505694834484,583.7975038335304,2840,91.81971830985916,100.0,1010974073.8704225,2062630912.0,99.51084507042253,225.0,2586241554.7492957,3465887744.0,75.20397887323944,84.9,nominal,outputs/controlled-augmentation05-activations-mac2/activations/emnist_balanced/relu/emnist_balanced/runs/emnist_balanced__unit_interval__all_raw__seed-42/artifacts/test_metrics.json
emnist_balanced,EMNIST Balanced,sigmoid,Sigmoid,completed,100,0.8527862208713273,0.8527862208713273,0.8492825409145192,0.8593356190290794,0.8527862208713273,0.43621155619621277,19740,30380.42904525701,38.248662208003225,303.8042904525701,454.8386255192038,6442,80.52328469419434,100.0,929380210.2104937,1328070656.0,88.6518006830177,230.9,2826943899.062403,3834986496.0,77.04330953120149,80.1,nominal,outputs/controlled-augmentation05-activations-mac2/activations/emnist_balanced/sigmoid/emnist_balanced/runs/emnist_balanced__unit_interval__all_raw__seed-42/artifacts/test_metrics.json
emnist_balanced,EMNIST Balanced,softmax,Softmax,completed,100,0.02127659574468085,0.02127659574468085,0.0008865248226950355,0.0004526935264825713,0.02127659574468085,3.8501555919647217,19740,24485.688245587975,18.752236208994873,244.85688245587974,564.3350652930972,5047,91.28294036061027,100.0,1075026615.9223301,1566294016.0,97.33495145631068,225.8,2859698825.66277,3930472448.0,76.52726372102238,80.2,nominal,outputs/controlled-augmentation05-activations-mac2/activations/emnist_balanced/softmax/emnist_balanced/runs/emnist_balanced__unit_interval__all_raw__seed-42/artifacts/test_metrics.json
cifar10,CIFAR-10,relu,ReLU,completed,100,0.5664444444444444,0.5664444444444444,0.5644557915772705,0.5881455472340419,0.5664444444444444,1.160674810409546,9000,11512.333599873004,9.957152667004266,115.12333599873004,547.2596159029501,2433,91.33004521167283,100.0,1086591742.000822,1221459968.0,96.8563912864776,220.9,2950154346.9034114,4025778176.0,75.43588162762022,79.1,nominal,outputs/controlled-augmentation05-activations-mac2/activations/cifar10/relu/cifar10/runs/cifar10__unit_interval__all_raw__seed-42/artifacts/test_metrics.json
cifar10,CIFAR-10,sigmoid,Sigmoid,completed,100,0.6366666666666667,0.6366666666666666,0.638977217253399,0.6478984569375327,0.6366666666666666,1.0122445821762085,9000,14204.93615304702,17.892338083009236,142.0493615304702,443.6639291910706,3059,80.73422687152664,100.0,985700479.8744688,2125479936.0,89.0183393265773,220.0,2872306666.2412553,4002938880.0,75.24815299117358,82.8,nominal,outputs/controlled-augmentation05-activations-mac2/activations/cifar10/sigmoid/cifar10/runs/cifar10__unit_interval__all_raw__seed-42/artifacts/test_metrics.json
cifar10,CIFAR-10,softmax,Softmax,completed,100,0.1,0.1,0.01818181818181818,0.01,0.1,2.30259108543396,9000,11373.564260787156,10.091436292001163,113.73564260787155,553.9337761260183,2402,91.4571190674438,100.0,1184144214.32806,1359069184.0,98.00453788509576,220.9,3068472215.1273937,4068507648.0,74.2955870108243,77.7,nominal,outputs/controlled-augmentation05-activations-mac2/activations/cifar10/softmax/cifar10/runs/cifar10__unit_interval__all_raw__seed-42/artifacts/test_metrics.json
cifar100_coarse,CIFAR-100 coarse,relu,ReLU,completed,100,0.3032222222222222,0.3032222222222222,0.2997818002449407,0.36904640088171564,0.3032222222222222,2.257801055908203,9000,11420.381908334079,9.754057583006215,114.20381908334079,551.6625109045692,2412,91.03316749585406,100.0,1165084376.517413,1296121856.0,97.06803482587065,223.2,3110383092.9618573,3969777664.0,73.92578772802653,77.9,nominal,outputs/controlled-augmentation05-activations-mac2/activations/cifar100_coarse/relu/cifar100_coarse/runs/cifar100_coarse__unit_interval__all_raw__seed-42/artifacts/test_metrics.json
cifar100_coarse,CIFAR-100 coarse,sigmoid,Sigmoid,completed,100,0.3661111111111111,0.3661111111111111,0.35015427004960964,0.36262735147946706,0.3661111111111111,2.0521531105041504,9000,14213.506117667886,18.763205583003582,142.13506117667887,443.25420718377524,3068,80.82040417209909,100.0,1020060336.8970013,1154875392.0,88.01659061277707,221.1,3144020432.6049542,4640686080.0,73.40250977835723,80.0,nominal,outputs/controlled-augmentation05-activations-mac2/activations/cifar100_coarse/sigmoid/cifar100_coarse/runs/cifar100_coarse__unit_interval__all_raw__seed-42/artifacts/test_metrics.json
cifar100_coarse,CIFAR-100 coarse,softmax,Softmax,completed,100,0.05,0.05,0.0047619047619047615,0.0025,0.05,2.995737314224243,9000,11571.381797293783,9.84553304198198,115.71381797293783,544.4665747601512,2440,91.8655737704918,100.0,1161478197.7180328,1375649792.0,97.9889344262295,218.7,3243924933.2459016,4264804352.0,73.29045081967213,76.2,nominal,outputs/controlled-augmentation05-activations-mac2/activations/cifar100_coarse/softmax/cifar100_coarse/runs/cifar100_coarse__unit_interval__all_raw__seed-42/artifacts/test_metrics.json
svhn,SVHN,relu,ReLU,completed,100,0.8644329550795676,0.8499296363879143,0.8686267801464617,0.8978104270907558,0.8499296363879143,0.4233870208263397,14893,18871.485311626137,15.26818479099893,188.71485311626137,552.4598866173858,3906,91.86712749615975,100.0,1128905049.0035841,1951694848.0,96.57713773681515,220.6,3442392521.732719,4423581696.0,74.98630312339989,84.1,nominal,outputs/controlled-augmentation05-activations-mac2/activations/svhn/relu/svhn/runs/svhn__unit_interval__all_raw__seed-42/artifacts/test_metrics.json
svhn,SVHN,sigmoid,Sigmoid,completed,100,0.8775935003021553,0.8612291523015008,0.8706552052411359,0.8827701003006678,0.8612291523015008,0.38693469762802124,14893,23688.787680082343,29.91733775002649,236.88787680082342,440.1637813830272,5012,81.32701516360734,100.0,769187810.5794094,1751252992.0,87.72276536312849,220.5,3447466005.248204,4689936384.0,73.64070231444533,82.6,nominal,outputs/controlled-augmentation05-activations-mac2/activations/svhn/sigmoid/svhn/runs/svhn__unit_interval__all_raw__seed-42/artifacts/test_metrics.json
svhn,SVHN,softmax,Softmax,completed,100,0.1909621970053045,0.1,0.03206855725319953,0.01909621970053045,0.1,2.2577826976776123,14893,19072.648208710074,15.970344208006281,190.72648208710075,546.6188317178689,3934,92.36349771225215,100.0,928809051.6237925,1369620480.0,96.73154550076259,216.8,3790530207.0401626,5498454016.0,71.5895526182003,79.2,nominal,outputs/controlled-augmentation05-activations-mac2/activations/svhn/softmax/svhn/runs/svhn__unit_interval__all_raw__seed-42/artifacts/test_metrics.json
gtsrb,GTSRB,relu,ReLU,completed,100,0.6875712656784493,0.6790629408497627,0.5775419826324394,0.6212731684118423,0.6790629408497627,0.1083059310913086,3508,7528.070932499046,7.351571374980267,75.28070932499045,327.49562270005305,1629,92.70656844689994,100.0,3021327174.5610805,3731423232.0,76.01270718232044,125.0,2179648296.387968,3320397824.0,81.56445672191529,85.9,nominal,outputs/controlled-augmentation05-activations-mac2/activations/gtsrb/relu/gtsrb/runs/gtsrb__unit_interval__all_raw__seed-42/artifacts/test_metrics.json
gtsrb,GTSRB,sigmoid,Sigmoid,completed,100,0.7537058152793614,0.47103194935238374,0.45314684691199203,0.5110619333264625,0.47103194935238374,0.6583009958267212,3508,8550.103520623175,9.180575417005457,85.50103520623175,288.32838183150034,1850,81.81135135135135,100.0,2627299281.5048647,3268313088.0,89.71605405405406,122.5,2971058477.1113515,3839164416.0,75.32713513513514,84.4,nominal,outputs/controlled-augmentation05-activations-mac2/activations/gtsrb/sigmoid/gtsrb/runs/gtsrb__unit_interval__all_raw__seed-42/artifacts/test_metrics.json
gtsrb,GTSRB,softmax,Softmax,completed,100,0.12343215507411631,0.045715016953944636,0.009569220819881642,0.005363381694301165,0.045715016953944636,2.833131790161133,3508,7670.529032121063,7.453635249985382,76.70529032121063,321.41417696056715,1653,92.22081064730793,100.0,3033973281.1421657,3675226112.0,72.06884452510587,122.2,2875717152.522686,4044128256.0,73.96515426497277,82.7,nominal,outputs/controlled-augmentation05-activations-mac2/activations/gtsrb/softmax/gtsrb/runs/gtsrb__unit_interval__all_raw__seed-42/artifacts/test_metrics.json
fer2013,FER2013,relu,ReLU,completed,100,0.40319583797844666,0.33326571310059394,0.27467925950541716,0.2425645175575903,0.33326571310059394,1.4326345920562744,5382,6034.8725276732,6.349081291991752,60.348725276732004,624.550126142156,1332,91.72597597597597,100.0,1134293877.6216216,1326022656.0,83.10503003003002,158.7,3835656050.5465465,4877418496.0,60.076951951951955,63.9,nominal,outputs/controlled-augmentation05-activations-mac2/activations/fer2013/relu/fer2013/runs/fer2013__unit_interval__all_raw__seed-42/artifacts/test_metrics.json
fer2013,FER2013,sigmoid,Sigmoid,completed,100,0.474544778892605,0.38367297200013273,0.37544408605168644,0.3917092603891036,0.38367297200013273,1.3520190715789795,5382,7879.99381066786,11.216047374997288,78.7999381066786,478.2819934922941,1760,80.45056818181818,100.0,999616400.290909,1167917056.0,74.93886363636364,157.1,3928505613.9636364,4974837760.0,61.53028409090909,63.3,nominal,outputs/controlled-augmentation05-activations-mac2/activations/fer2013/sigmoid/fer2013/runs/fer2013__unit_interval__all_raw__seed-42/artifacts/test_metrics.json
fer2013,FER2013,softmax,Softmax,completed,100,0.25046451133407654,0.14285714285714285,0.057227764805773726,0.03578064447629665,0.14285714285714285,1.810368299484253,5382,3314.870583418,5.912658208999801,58.155624270491224,648.2822173867844,741,91.52226720647774,100.0,1158908597.7219973,1782906880.0,85.42793522267206,178.3,2323935060.642375,3195731968.0,69.2029689608637,70.9,nominal,outputs/controlled-augmentation05-activations-mac2/activations/fer2013/softmax/fer2013/runs/fer2013__unit_interval__all_raw__seed-42/artifacts/test_metrics.json
